,Brand_name,Brand_detail_name,prices,RAM,Storage,Has_ssd,Core,Gen,Discount_Percentage,Operating_System,Warranty_Period,Space_Score
0,Tecno,Tecno Megabook T1 Laptop ,29990,16,512,1,i5,11,32.0,11,1,0
1,Tecno,Tecno Megabook T1 Laptop ,23990,8,512,1,i3,11,19.0,11,1,0
2,HP,HP 15s-fq5007TU Laptop ,36990,8,512,1,i3,12,4.0,11,1,0
3,Infinix,Infinix Zerobook 2023 Laptop ,59990,32,1024,1,i9,13,19.0,11,1,0
4,HP,HP 15s-fr5011TU Laptop ,53990,16,512,1,i5,12,3.0,11,1,0
5,Asus,Asus TUF Gaming F15 FX506HF-HN024W Gaming Laptop ,49990,8,512,1,i5,11,6.0,11,1,0
6,Samsung,Samsung Galaxy Book2 Pro 13 Laptop ,64990,16,512,1,i5,12,8.0,11,1,0
7,Apple,Apple MacBook Air 2020 MGND3HN Laptop ,74990,8,256,1,,,6.0,11,1,45
8,HP,HP Victus 15-fb0157AX Gaming Laptop ,50999,8,512,1,,,3.0,11,1,0
9,HP,HP Victus 16-s0094AX Gaming Laptop ,80990,16,1024,1,,,5.0,11,1,0
10,Lenovo,Lenovo V15 82KDA01BIH Laptop ,28490,8,512,1,,,4.0,11,1,0
11,HP,HP Victus 15-fb1017AX Gaming Laptop ,56490,16,512,1,,,5.0,11,1,0
12,Lenovo,Lenovo IdeaPad Gaming 3 15IHU6 82K101GSIN Laptop ,47990,8,512,1,i5,11,4.0,11,1,0
13,Acer,Acer Aspire 5 A515-57G UN.K9TSI.002 Gaming Laptop ,52990,16,512,1,i5,12,4.0,11,1,0
14,Acer,Acer Aspire Lite 15 AL15-52 Laptop ,34890,16,512,1,i3,12,,11,1,0
15,Lenovo,Lenovo LOQ 15IRX9 83DV007FIN Gaming Laptop ,122990,16,1024,1,i7,14,,11,1,0
16,Lenovo,Lenovo ThinkBook 15 G5 21JF002JIN Laptop ,33990,8,512,1,,,7.0,11,1,0
17,Asus,Asus TUF Gaming F15 FX506HF-HN025W Gaming Laptop ,53990,16,512,1,i5,11,6.0,11,1,0
18,MSI,MSI Modern 14 C7M-062IN Laptop ,37990,16,512,1,,,12.0,11,1,0
19,Dell,Dell Inspiron 3520 D560896WIN9B Laptop ,34120,8,512,1,i3,12,8.0,11,1,0
20,Acer,Acer Aspire Lite 15 AL15-52 Laptop ,36990,16,1024,1,i3,12,,11,1,0
21,Lenovo,Lenovo Legion Pro 5 161IRX9 Laptop ,149990,32,1024,1,i9,14,,11,1,0
22,Infinix,Infinix INBook Y2 Plus Laptop ,34990,16,512,1,i5,11,,11,1,56
23,Lenovo,Lenovo IdeaPad Slim 3 82H803LKIN Laptop ,47600,16,512,1,i5,11,2.0,11,1,0
24,Xiaomi,Xiaomi Redmi Book 16 2024 Laptop ,52990,16,512,1,i5,13,,11,1,0
25,Samsung,Samsung Galaxy Book 4 360 Laptop ,129900,16,512,1,i7,13,,11,1,0
26,MSI,MSI Katana 15 B13UDXK-1482IN Gaming Laptop ,74990,32,1024,1,i5,13,16.0,11,1,0
27,Asus,Asus TUF Gaming F15 FX506HE-HN385WS Gaming Laptop ,75990,16,1024,1,i7,11,3.0,11,1,0
28,HP,HP Victus 15-fa1062TX Gaming Laptop ,83999,16,512,1,i5,13,10.0,11,1,0
29,Acer,Acer Nitro V ANV15-51 2023 Gaming Laptop ,77990,16,512,1,i5,13,1.0,11,1,0
30,Lenovo,Lenovo Legion 9i 2023 Laptop ,399999,32,1024,1,i9,13,,11,1,0
31,Asus,Asus Vivobook 15 X1502ZA-EJ741WS Laptop ,59990,16,512,1,i7,12,2.0,11,1,0
32,HP,HP 255 G9 840T7PA Laptop ,19940,4,256,1,,,,11,1,49
33,Asus,Asus TUF Gaming F15 2023 FX507ZV-LP094W Gaming Laptop ,99990,16,512,1,i7,12,6.0,11,1,0
34,HP,HP Pavilion 15-eg3081TU Laptop ,70990,16,512,1,i5,13,1.0,11,1,0
35,HP,HP Victus 15-fa0666TX Gaming Laptop ,69599,16,512,1,i5,12,2.0,11,1,0
36,MSI,MSI Modern 14 C7M-063IN Laptop ,31990,8,512,1,,,19.0,11,1,0
37,MSI,MSI Sword 15 A12VF-401IN Gaming Laptop ,96990,16,1024,1,i7,12,8.0,11,1,0
38,Samsung,Samsung Galaxy Book2 NP550XED-KA2IN Laptop ,47990,16,512,1,i5,12,6.0,11,1,0
39,Asus,Asus Vivobook 16X 2022 M1603QA-MB711WS Laptop ,57390,16,512,1,,,,11,1,0
40,MSI,MSI Titan 18 HX Gaming Laptop ,599990,32,2048,1,i9,14,,11,1,0
41,HP,HP Victus 15-fa1145TX Gaming Laptop ,65990,16,1024,1,i5,12,6.0,11,1,0
42,Acer,Acer Aspire Lite AL15-52 Laptop ,42990,16,512,1,i5,12,3.0,11,1,0
43,Apple,Apple MacBook Pro 16 2023 Laptop ,399900,48,1024,1,,,,11,1,0
44,Dell,Dell Inspiron 3530 Laptop ,72890,16,512,1,i7,13,1.0,11,1,57
45,Asus,Asus Vivobook 15 X1502ZA-EJ385WS Laptop ,39990,8,512,1,i3,12,1.0,11,1,57
46,Lenovo,Lenovo Yoga Slim 6 14IAP8 82WU0095IN Laptop ,64519,16,512,1,i5,12,1.0,11,1,0
47,Lenovo,Lenovo ThinkBook 15 G5 21JFA00BIN Laptop ,44990,8,512,1,,,9.0,11,1,0
48,Asus,Asus Vivobook 15 X1502ZA-EJ544WS Laptop ,53590,16,512,1,i5,12,8.0,11,1,0
49,HP,HP 15S-FQ5202TU Laptop ,49490,8,512,1,i5,12,5.0,11,1,57
50,HP,HP Victus 15-fb1015AX Gaming Laptop ,50990,8,512,1,,,3.0,11,1,0
51,MSI,MSI Modern 14 C12M-459IN Laptop ,49990,16,512,1,i7,12,2.0,11,1,0
52,Wings,Wings Nuvobook V1 Laptop ,34990,8,512,1,i5,11,20.0,11,1,56
53,Asus,Asus VivoBook 15 X1500EA-EJ326WS Laptop ,29790,8,512,1,i3,11,10.0,11,1,54
54,Lenovo,Lenovo V15 G4 ‎82YU00W7IN Laptop ,29990,8,512,1,,,2.0,11,1,59
55,Acer,Acer Nitro 5 AN515-58 NH.QFSSI.001 Gaming Laptop ,89990,16,1024,1,i7,12,6.0,11,1,0
56,Dell,Dell Vostro 3510 Laptop 2023 ,43490,8,1024,1,i5,11,6.0,11,1,0
57,HP,HP Victus 15-fa0998TX Gaming Laptop ,68999,16,512,1,i5,12,4.0,11,1,0
58,HP,HP 14s-dy5008TU Laptop ,39891,8,512,1,i3,12,2.0,11,1,0
59,Asus,Asus Vivobook 16X 2022 M1603QA-MB502WS Laptop ,46990,8,512,1,,,4.0,11,1,0
60,Asus,Asus Vivobook 15 Touch X515EA-EZ311WS Laptop ,31990,8,512,1,i3,11,7.0,11,1,56
61,Apple,Apple MacBook Air 2022 Laptop ,102990,8,256,1,,,1.0,11,1,48
62,Dell,Dell G15-5520 Laptop ,71490,16,512,1,i5,12,2.0,11,1,0
63,Samsung,Samsung Galaxy Book2 Pro 360 13 Laptop ,87990,16,512,1,i7,12,20.0,11,1,0
64,HP,HP 14s-fq1092au Laptop ,39990,8,512,1,,,5.0,11,1,0
65,Dell,Dell Precision 5550 Laptop ,184999,16,512,1,i7,10,,11,1,0
66,Lenovo,Lenovo IdeaPad Slim 3 15IAH8 83ER008HIN Laptop ,55390,16,512,1,i5,12,,11,1,0
67,Chuwi,Chuwi Ubook X Laptop ,39990,12,512,1,i3,10,,11,1,51
68,Lenovo,Lenovo IdeaPad Slim 3 83EM0026IN Laptop ,60990,16,512,1,i5,13,5.0,11,1,59
69,Lenovo,Lenovo LOQ 15IRX9 83DV007JIN Gaming Laptop ,84990,16,512,1,i5,13,,11,1,0
70,HP,HP Spectre x360 16-aa0664TX Laptop ,199999,32,1024,1,,,,11,1,0
71,Lenovo,Lenovo IdeaPad Gaming 3 15ACH6 82K2029CIN Laptop ,48990,16,512,1,,,,11,1,0
72,HP,HP Pavilion x360 14-ek0183TU Laptop ,65622,8,512,1,i3,12,,11,1,0
73,Asus,Asus Vivobook 14X K3405ZF-LY752WS  Laptop ,74890,16,1024,1,i7,12,,11,1,0
74,HP,HP 15s-fr5010TU Laptop ,49990,8,512,1,i5,12,6.0,11,1,59
75,HP,HP Omen 16-wf1025TX Gaming Laptop ,153990,16,1024,1,i7,14,,11,1,0
76,HP,HP Pavilion 15-eh1047AU Laptop ,64094,16,1024,1,,,,11,1,0
77,Asus,Asus ROG Flow X13 GV301RC-LJ132WS Gaming Laptop ,89990,16,512,1,,,8.0,11,1,0
78,Dell,Dell G15-5530 Gaming Laptop ,83990,16,1024,1,i5,13,5.0,11,1,0
79,Asus,Asus Zenbook 14 OLED UX3405 Laptop ,149990,16,512,1,,,,11,1,0
80,Samsung,Samsung Galaxy Book 4 Pro 360 Laptop ,199990,16,512,1,,,,11,1,0
81,Lenovo,Lenovo IdeaPad Slim 3 82H803HQIN Laptop ,39990,8,512,1,i5,11,8.0,11,1,0
82,Samsung,Samsung Galaxy Book 4 Ultra Laptop ,299999,32,1024,1,,,,11,1,0
83,Xiaomi,Xiaomi Redmi Book 14 2024 Laptop ,49990,16,512,1,i5,13,,11,1,0
84,Lenovo,Lenovo Ideapad Slim 5 82XF0078IN Laptop ,96989,16,1024,1,i7,13,7.0,11,1,0
85,Lenovo,Lenovo V15 G4 Laptop ,24590,8,512,1,,,3.0,11,1,47
86,HP,HP 15s-FR5012TU Laptop ,37990,8,512,1,i3,12,8.0,11,1,57
87,HP,HP 15s-er2004AU Laptop ,50990,16,512,1,,,4.0,11,1,58
88,Acer,Acer Aspire Lite AL15-52 Laptop ,31990,8,512,1,i3,12,3.0,11,1,58
89,Dell,Dell G15-5530 15 2023 Gaming Laptop ,105490,16,1024,1,i7,13,16.0,11,1,0
90,MSI,MSI Katana 15 B12VGK-1295IN Gaming Laptop ,114990,16,1024,1,i7,12,13.0,11,1,0
91,MSI,MSI Thin GF63 11SC-1629IN Gaming Laptop ,48990,16,512,1,i5,11,5.0,11,1,0
92,HP,HP 250 G9 7M657PA Laptop ,32999,8,512,1,i3,12,8.0,11,1,0
93,Ultimus,Ultimus Pro NU14U3INC43BN-CS Laptop ,11990,4,128,1,,,7.0,11,1,41
94,Zebronics,Zebronics Pro Series Z ZEB-NBC 4S Laptop ,39990,16,512,1,i5,12,,11,1,0
95,HP,HP 15s-fq5185TU Laptop ,38849,8,512,1,i3,12,1.0,11,1,59
96,Zebronics,Zebronics Pro Series Y ZEB-NBC 2S Laptop ,28990,16,512,1,i5,11,13.0,11,1,0
97,Lenovo,Lenovo IdeaPad Gaming 3 82SB00V2IN Laptop ,61712,8,512,1,,,1.0,11,1,0
98,Acer,Acer TravelMate P2 TMP214-53 Business Laptop ,45990,16,1024,1,i7,11,13.0,11,1,0
99,Asus,Asus Vivobook 16 2023 X1605VA-MB947WS Laptop ,79990,16,512,1,i9,13,2.0,11,1,0
100,Lenovo,Lenovo Thinkpad E15 G4 21DJA0Y0IN Laptop ,57990,16,512,1,i7,12,1.0,11,1,0
101,Asus,Asus ROG Strix G17 G713RC-HX109WS Gaming Laptop ,79990,16,512,1,,,6.0,11,1,0
102,Ultimus,Ultimus Neo NU14U3INT54BN Laptop ,19990,8,256,1,i3,10,11.0,11,1,52
103,HP,HP Victus 16-s0095AX Gaming Laptop ,81700,16,512,1,,,2.0,11,1,0
104,Lenovo,Lenovo Yoga 7 82YM0074IN Laptop ,94990,16,1024,1,,,2.0,11,1,0
105,Lenovo,Lenovo Ideapad Slim 5 82XF007CIN Laptop ,69190,16,1024,1,i5,13,4.0,11,1,58
106,HP,HP Victus 15-FB1001AX Gaming Laptop ,54900,8,512,1,,,,11,1,0
107,Asus,Asus TUF Gaming F15 FX506HE-HN382W Gaming Laptop ,68990,16,512,1,i7,11,7.0,11,1,0
108,HP,HP Victus 15-fa0187TX Gaming Laptop ,87990,16,1024,1,i7,12,4.0,11,1,0
109,Infinix,Infinix INBook X3 Slim XL422 2023 Laptop ,27990,8,512,1,i3,12,2.0,11,1,50
110,HP,HP Pavilion 15-eg3017TU Laptop ,71990,16,1024,1,i5,13,,11,1,0
111,HP,HP Omen 16-xf0060AX Gaming Laptop ,116990,16,1024,1,,,5.0,11,1,0
112,HP,HP Victus 16-s0089AX Gaming Laptop ,82990,16,1024,1,,,7.0,11,1,0
113,Lenovo,Lenovo LOQ 15IRH8 82XV00F4IN 2023 Gaming Laptop ,64990,16,512,1,i5,12,2.0,11,1,0
114,Lenovo,Lenovo LOQ 15IRH8 82XV00BRIN 2023 Gaming Laptop ,107990,16,512,1,i7,13,5.0,11,1,0
115,Lenovo,Lenovo LOQ 2023 Gaming Laptop  ,89999,8,512,1,i5,13,,11,1,0
116,MSI,MSI Modern 15 B11M-061IN Laptop ,39990,16,512,1,i5,11,1.0,11,1,0
117,Apple,Apple MacBook Air 2023 Laptop ,139990,8,256,1,,,,11,1,43
118,Acer,Acer Aspire Lite AL15 Laptop ,35990,16,512,1,,,5.0,11,1,0
119,Asus,Asus Zenbook 14X OLED 2023 UX5401ZA-KM541WS Laptop ,67990,16,512,1,i5,12,7.0,11,1,0
120,Asus,Asus TUF Gaming F17 FX707ZC4-HX067W Gaming Laptop ,74085,16,512,1,i5,12,,11,1,0
121,Dell,Dell Inspiron 5430 Laptop ,85490,16,1024,1,i7,13,1.0,11,1,0
122,Dell,Dell G15-5520 2023 Laptop ,74490,16,1024,1,i5,12,3.0,11,1,0
123,HP,HP Pavilion Plus 14-eh1022TU Laptop ,72990,16,512,1,i5,13,8.0,11,1,0
124,Infinix,Infinix Zerobook 13 ZL513 Laptop ,51990,16,512,1,i7,13,22.0,11,1,58
125,Dell,Dell Inspiron 3525 Laptop ,37990,8,512,1,,,5.0,11,1,0
126,Dell,Dell Inspiron 5630 Laptop ,73290,16,512,1,i5,13,6.0,11,1,0
127,HP,HP Victus 15-fb0137AX Gaming Laptop ,66990,16,512,1,,,10.0,11,1,0
128,HP,HP Pavilion 15s-fq5190TU Laptop ,67490,16,512,1,i7,12,1.0,11,1,0
129,HP,HP Victus 15-fa0555TX  Laptop ,70490,16,512,1,i5,12,,11,1,0
130,Acer,Acer Aspire 7 A715-76G NH.QMFSI.004 Gaming Laptop ,57990,16,512,1,i5,12,5.0,11,1,0
131,Dell,Dell G15-5530 GN5530D83M6002ORB1 Gaming Laptop ,79990,16,512,1,i5,13,2.0,11,1,0
132,Asus,Asus Vivobook 16X 2023 K3605ZF-MB541WS Laptop ,64990,16,512,1,i5,12,1.0,11,1,0
133,Asus,Asus ROG Strix G16 2023 G614JU-N3200WS Gaming Laptop ,134990,16,1024,1,i7,13,4.0,11,1,0
134,Asus,Asus Vivobook 15 X1502ZA-EJ532WS Laptop ,46990,8,512,1,i5,12,,11,1,0
135,HP,HP Pavilion 15-eh2050AU Laptop ,44999,8,512,1,,,9.0,11,1,0
136,Acer,Acer Predator Helios Neo 16 NH.QLTSI.001 Laptop ,97990,16,512,1,i5,13,5.0,11,1,0
137,Samsung,Samsung Galaxy Book 3  NP750XFG-KB2IN Laptop ,72990,16,512,1,i5,13,6.0,11,1,59
138,MSI,MSI Bravo 15 B5ED-035IN Gaming Laptop ,54990,16,512,1,,,9.0,11,1,0
139,Apple,Apple MacBook Air 15 2023 Laptop ,114990,8,256,1,,,8.0,11,1,53
140,Infinix,Infinix INBook Y1 Plus Neo XL30 Laptop ,21990,8,512,1,,,9.0,11,1,53
141,Acer,Acer Predator Helios 16 NH.QJRSI.003 Laptop ,178999,16,1024,1,i9,13,1.0,11,1,0
142,MSI,MSI Modern 14 C11M-031IN Laptop ,28990,8,512,1,i3,11,3.0,11,1,59
144,MSI,MSI Stealth GS77 12UHS-226IN Gaming Laptop ,280990,32,2048,1,i9,12,7.0,11,1,0
145,Asus,Asus VivoBook 15 X1500EA-EJ3379WS Laptop ,28990,8,512,1,i3,11,9.0,11,1,50
146,Primebook,Primebook 4G Android Laptop ,14990,4,64,0,,,1.0,11,1,0
147,HP,HP Victus 15-fb0777AX Gaming Laptop ,51990,8,512,1,,,3.0,11,1,0
148,HP,HP 15s-fq2717TU Laptop ,34490,8,512,1,i3,11,6.0,11,1,0
149,Samsung,Samsung Galaxy Book2 NP550XED-KA1IN 15 Laptop ,44990,8,512,1,i5,12,2.0,11,1,59
150,Dell,Dell Inspiron 3520 Laptop ,47990,8,512,1,i5,12,7.0,11,1,0
151,HP,HP 15s-fr4000TU Laptop ,46980,8,512,1,i5,11,2.0,11,1,0
152,Dell,Dell Latitude 3430 Laptop ,108000,8,512,1,i5,12,,11,1,0
153,Dell,Dell Inspiron 5420 Laptop ,69999,16,512,1,i5,12,2.0,11,1,0
154,Dell,Dell Inspiron 3520 D560871WIN9B Laptop ,45290,8,512,1,i5,12,11.0,11,1,54
155,Dell,Dell Inspiron 3525 D560789WIN9S Laptop ,45490,8,512,1,,,,11,1,0
156,HP,HP Victus 15-fa0070TX Laptop ,56490,8,512,1,i5,12,4.0,11,1,0
157,Asus,Asus TUF Gaming F15 FX506HC-HN362WS Gaming Laptop ,59990,16,512,1,i5,11,5.0,11,1,0
158,Asus,Asus Vivobook 16X 2022 M1603QA-MB511WS Laptop ,51990,16,512,1,,,1.0,11,1,0
159,Apple,Apple MacBook Pro 2022 Laptop ,109990,8,256,1,,,1.0,11,1,43
160,Asus,Asus Vivobook S15 OLED K3502ZA-L501WS Laptop ,67990,16,512,1,i5,12,2.0,11,1,0
161,Asus,Asus Vivobook S14 OLED S3402ZA-KM501WS Laptop ,65990,16,512,1,i5,12,6.0,11,1,0
162,Samsung,Samsung Galaxy Book2 15 Laptop ,53110,8,512,1,i5,12,1.0,11,1,59
163,Samsung,Samsung Galaxy Book2 Pro 360 15 Laptop ,86990,16,512,1,i7,12,29.0,11,1,0
164,HP,HP 15s-eq2144au Laptop ,38990,8,512,1,,,3.0,11,1,0
165,Apple,Apple MacBook Pro 16 Laptop ,201498,32,2048,1,i9,9,,11,1,0
166,Honor,Honor MagicBook X16 2024 ‎Laptop ,48990,16,512,1,i5,12,4.0,11,1,58
167,HP,HP Omen 16-xf0081AX Gaming Laptop ,135999,32,1024,1,,,,11,1,0
168,HP,HP Omen 16-xd0010AX Gaming Laptop ,115999,16,1024,1,,,,11,1,0
169,Infinix,Infinix INBook Y4 Max Series YL613 Laptop ,49990,16,512,1,i7,13,,11,1,59
170,Dell,Dell G15-5530 GN5530194YM001ORB1 Gaming Laptop ,107399,16,1024,1,i7,13,,11,1,0
171,Lenovo,Lenovo Ideapad Slim 3 Chromebook 14IAN8 83BN001PHA Laptop ,22990,4,128,0,,,6.0,11,1,0
172,Lenovo,Lenovo Ideapad Slim 3 Chrome 14M868 82XJ002LHA Laptop ,15990,4,128,0,,,,11,1,0
173,Lenovo,Lenovo Ideapad Slim 3 Chrome 14M868 82XJ002RHA Laptop ,17990,8,128,0,,,12.0,11,1,0
174,HP,HP Victus 15-fa1124TX Gaming Laptop ,60934,8,512,1,i5,12,,11,1,0
175,Lenovo,Lenovo LOQ 15IRX9 83DV007HIN Gaming Laptop ,122990,16,512,1,i7,13,,11,1,0
176,HP,HP Pavilion 15-eh3039AU Laptop ,58500,16,512,1,,,,11,1,0
177,Lenovo,Lenovo ThinkBook 14 21KG00AFIN Laptop ,43990,8,512,1,i3,13,,11,1,0
178,Lenovo,Lenovo Ideapad Gaming 3 15ARH7 82SB00M6IN Laptop ,76190,16,512,1,,,,11,1,0
179,Lenovo,Lenovo Ideapad Gaming 3 15ARH7 82SB00QYIN Laptop ,82190,16,512,1,,,,11,1,0
180,Asus,Asus TUF Gaming F17 FX706HF-HX044WS Laptop ,53990,8,512,1,i5,11,,11,1,0
181,Asus,Asus Chromebook CM14 CM1402CM2A-EK0085 Laptop ,26990,8,128,0,,,37.0,11,1,0
182,HP,HP 245 G9 841W7PA Laptop ,23990,8,512,1,,,3.0,11,1,53
183,Lenovo,Lenovo LOQ 15IAX9I 83FQ0009IN Gaming Laptop ,59990,8,512,1,i5,12,,11,1,59
184,Lenovo,Lenovo ThinkBook 15 G5 21JF002PIN Laptop ,44990,8,512,1,,,,11,1,0
185,Lenovo,Lenovo ThinkPad E1 21JNS03P00 Laptop ,49990,8,512,1,i3,12,,11,1,59
186,Lenovo,Lenovo ThinkBook 15 G5 21JFA016IN Laptop ,52990,16,512,1,,,,11,1,0
187,HP,HP Spectre x360 16-aa0665TU Laptop ,176499,32,2048,1,,,2.0,11,1,0
188,Acer,Acer Aspire Lite AL15-52 15 Laptop ,46790,16,1024,1,i5,12,3.0,11,1,0
189,HP,HP Spectre x360 14-eu0666TU Laptop ,161189,32,1024,1,,,1.0,11,1,0
190,HP,HP Spectre x360 14-eu0556TU Laptop ,161999,32,1024,1,,,,11,1,0
191,HP,HP Omen 16-wf1026TX Gaming Laptop ,174859,16,1024,1,i7,14,,11,1,0
192,Lenovo,Lenovo IdeaPad Slim 3 83ER008GIN Laptop ,54800,16,512,1,i5,12,2.0,11,1,0
193,Chuwi,Chuwi Gemibook X Pro Laptop ,19990,8,256,1,,,6.0,11,1,50
194,Asus,Asus VivoBook 14 X1400EA-EK543WS Notebook ,41990,16,512,1,i5,11,10.0,11,1,57
195,HP,HP Pavilion 15-EG2119TU Laptop ,60990,12,512,1,i5,12,5.0,11,1,54
196,Acer,Acer Nitro V 15 ANV15-51 Gaming Laptop ,69990,16,512,1,i5,13,6.0,11,1,0
197,Lenovo,Lenovo IdeaPad Slim 3 82X60013IN Laptop ,44990,8,512,1,i3,13,,11,1,51
198,Chuwi,Chuwi CoreBook X Laptop ,34990,16,512,1,i5,10,1.0,11,1,54
199,Avita,Avita Liber Liber E AM14A2INL54F Laptop ,32949,8,256,1,,,,11,1,50
200,Lenovo,Lenovo ThinkPad X1 Fold Gen 1 Laptop ,169000,8,1024,1,,,2.0,11,1,0
201,Ultimus,Ultimus Lite NU14U3INC54BN Laptop ,15990,8,256,1,,,1.0,11,1,46
202,Lenovo,Lenovo IdeaPad Slim 3 15IRH8 83EM0025IN Laptop ,59390,16,512,1,i5,13,4.0,11,1,59
203,Dell,Dell ‎G16 7630 Gaming Laptop ,208490,16,1024,1,i9,13,1.0,11,1,0
204,HP,HP Envy x360 15-fh0014AU Laptop ,79467,8,512,1,,,,11,1,0
205,Lenovo,Lenovo IdeaPad Slim 3 83ER008DIN Laptop ,54990,16,512,1,i5,12,2.0,11,1,57
206,Infinix,Infinix INBook Y2 Plus XL29 Laptop ,27490,8,512,1,i3,11,,11,1,49
207,MSI,MSI Prestige 13 AI Evo A1M Laptop ,113999,16,512,1,,,,11,1,0
208,Lenovo,Lenovo Ideapad Flex 5 14IAU7 82R700KHIN Laptop ,54990,8,512,1,i3,12,,11,1,58
209,Lenovo,Lenovo V15 G4 ‎82YU00W9IN Laptop ,35490,8,512,1,,,1.0,11,1,0
210,HP,HP 250 G9 95X38PA Laptop ,57400,8,512,1,i5,12,,11,1,51
211,HP,HP 240 G9 8J0S5PA Laptop ,54599,8,512,1,i5,12,,11,1,58
212,Acer,Acer Predator Triton Neo 16 Laptop ,199999,32,2048,1,,,,11,1,0
213,Lenovo,Lenovo ThinkBook 14 21DH00C1IH Laptop ,62999,8,512,1,i5,12,2.0,11,1,0
214,Lenovo,Lenovo IdeaPad Slim 1 82R400BGIN Laptop ,36480,8,512,1,,,4.0,11,1,50
215,Lenovo,Lenovo V14 82KAA0AMIH Laptop ,45990,8,512,1,i5,11,,11,1,58
216,Lenovo,Lenovo IdeaPad 1 15ALC7 82R400ERIN Laptop ,39990,16,512,1,,,3.0,11,1,59
217,Acer,Acer Nitro V16 Gaming Laptop ,149900,16,1024,1,,,,11,1,0
218,MSI,MSI Thin GF63 11UC-1494IN Gaming Laptop ,65390,16,1024,1,i7,11,3.0,11,1,0
219,Huawei,Huawei Qingyun L540 Laptop ,81999,16,512,1,,,,11,1,44
220,Lenovo,Lenovo IdeaPad Slim 3i 82RK011EIN Laptop ,62990,16,512,1,i7,12,,11,1,0
221,Lenovo,Lenovo IdeaPad Gaming 3 82SB00Y8IN Laptop ,69990,16,512,1,,,14.0,11,1,0
222,Huawei,Huawei MateBook 14s 2023 Laptop ,80999,16,1024,1,i9,13,,11,1,0
223,Dell,Dell Inspiron 3535 Laptop ,36490,8,512,1,,,1.0,11,1,53
224,HP,HP 15s-EQ2084AU Laptop ,51880,16,512,1,,,2.0,11,1,0
225,Lenovo,Lenovo IdeaPad Gaming 3 15IAH7 82S9017TIN Laptop ,70990,16,512,1,i5,12,,11,1,0
226,Jio,Jio JioBook Cloud Laptop ,14999,4,64,0,,,,11,1,0
227,Dell,Dell Latitude 3520 DLCK3520BL Laptop ,35500,8,512,1,i3,11,,11,1,53
228,Dell,Dell Inspiron 3520 IN3520RVTGV001ORB1 Laptop ,34990,8,512,1,i3,11,4.0,11,1,49
229,HP,HP 250 G9 95X40PA Laptop ,67288,8,512,1,i7,12,,11,1,52
230,Lenovo,Lenovo Thinkpad E14 G4 21E3S00P00 Laptop ,74900,8,512,1,i5,12,6.0,11,1,0
231,Acer,Acer Aspire 3 A315-24P UN.KDESI.003 Laptop ,29990,8,512,1,,,3.0,11,1,52
232,Lenovo,Lenovo IdeaPad Slim 3 82H803U0IN Laptop ,31500,8,256,1,i3,11,2.0,11,1,51
234,Dell,Dell Latitude 13 5320 2 in 1 Laptop ,89999,8,256,1,i5,11,,11,1,0
235,Acer,Acer Aspire 3 15 A315-510P UN.KDHSI.019 Laptop ,29990,8,512,1,,,6.0,11,1,47
236,Acer,Acer Aspire Lite 15 AL15-51 2023  Laptop ,46499,16,1024,1,i5,11,1.0,11,1,0
237,Lenovo,Lenovo ThinkPad X1 Carbon 21HMS00000 Laptop ,212990,16,1024,1,i7,13,3.0,11,1,0
238,Avita,Avita Liber AM15A2INT56F Laptop ,32593,8,512,1,i3,12,1.0,11,1,51
239,Acer,Acer TravelMate P2 TMP214-53 14 Business Laptop ,47990,16,512,1,i7,11,10.0,11,1,0
240,HP,HP ProBook 440 G8 7L375PA Notebook PC ,99999,8,512,1,i7,11,3.0,11,1,0
241,Avita,Avita Pura S101 Laptop ,19349,8,256,1,,,1.0,11,1,41
242,Apple,Apple MacBook Pro 16 2023 Laptop ,349900,36,1024,1,,,,11,1,0
243,Apple,Apple MacBook Pro 14 2023 Laptop ,319900,36,1024,1,,,,11,1,0
244,Apple,Apple MacBook Pro 16 2023 Laptop ,234899,18,512,1,,,6.0,11,1,58
245,Apple,Apple MacBook Pro 14 2023 Laptop ,239900,18,1024,1,,,,11,1,58
246,Apple,Apple MacBook Pro 14 2023 Laptop ,187899,18,512,1,,,6.0,11,1,56
247,Apple,Apple MacBook Pro 14 2023 Laptop ,178499,8,1024,1,,,5.0,11,1,53
248,Lenovo,Lenovo Legion Pro 5 16IRX8 82WK00MWIN Gaming Laptop ,152990,16,1024,1,i7,13,1.0,11,1,0
249,Lenovo,Lenovo Yoga Slim 7i Carbon 13IRP8 83AY003CIN Laptop ,122990,16,1024,1,i7,13,,11,1,0
250,Asus,Asus Chromebook CX1500CKA-EJ0247 Laptop ,32825,8,128,0,,,6.0,11,1,0
251,Lenovo,Lenovo Ideapad Gaming 3 15ARH7 82SB00QJIN Laptop  ,68990,16,512,1,,,10.0,11,1,0
252,HP,HP 15s-fq2510tu Laptop ,50890,16,512,1,i5,11,2.0,11,1,0
253,Lenovo,Lenovo IdeaPad Gaming 3 Gen 6 82K2028QIN Laptop ,51884,8,512,1,,,2.0,11,1,0
254,Dell,Dell Inspiron 3520 IN3520P9K46002ORS1 Laptop ,37990,8,512,1,i3,12,5.0,11,1,59
255,Lenovo,Lenovo LOQ 15APH8 82XT004KIN Gaming Laptop ,101990,16,512,1,,,5.0,11,1,0
256,Asus,Asus Chromebook CX1400FKA-EC0168 Laptop ,30199,8,128,0,,,2.0,11,1,44
257,Avita,Avita Pura S102 Laptop ,20949,8,512,1,,,1.0,11,1,43
258,Apple,Apple MacBook Pro 14 2023 Laptop ,159699,8,512,1,,,5.0,11,1,51
259,HP,HP Omen 16-xd0005AX Gaming Laptop ,110881,16,1024,1,,,2.0,11,1,0
260,HP,HP Spectre x360 14-ef2036TU Laptop ,150200,16,512,1,i7,13,1.0,11,1,0
261,Acer,Acer Aspire Lite AL15-51 15 2023 Laptop ,43990,8,1024,1,i5,11,3.0,11,1,0
262,Lenovo,Lenovo S14 Gen 3 82TW000VIH Laptop ,45490,8,512,1,i5,12,2.0,11,1,57
263,HP,HP Victus 15-fa1134TX Laptop ,97990,16,512,1,i7,12,3.0,11,1,0
264,Infinix,Infinix INBook Y1 Plus 15 XL28 Laptop ,29990,8,512,1,i5,10,8.0,11,1,54
265,Lenovo,Lenovo Legion Pro 7 82WQ007UIN Gaming Laptop ,359095,32,1024,1,i9,13,1.0,11,1,0
266,Microsoft,Microsoft Surface Laptop Go 3 XK1-00045 ,78999,8,256,1,i5,12,1.0,11,1,58
267,HP,HP Victus 15-FA1098TX Laptop ,59999,8,512,1,i5,12,4.0,11,1,0
268,Acer,Acer Aspire 5 A514-56M NX.KH6SI.001 Gaming Laptop ,56990,16,512,1,i5,13,1.0,11,1,56
269,Acer,Acer Aspire Lite AL15-41 Laptop ,41990,16,1024,1,,,,11,1,0
270,HP,HP Victus 15-fb1002AX Gaming Laptop ,51369,8,512,1,,,4.0,11,1,0
271,Gigabyte,Gigabyte G5 MF-E2IN313SHLaptop ,72990,8,512,1,i5,12,14.0,11,1,0
272,HP,HP Pavilion Plus ‎16-ab0456TX Laptop ,124999,16,1024,1,i7,13,,11,1,0
273,Lenovo,Lenovo IdeaPad Gaming 3 82K101LJIN Laptop ,52990,16,512,1,i5,11,1.0,11,1,0
274,Dell,Dell Inspiron 3530 IN3530RMD8W001ORS1 Laptop ,64980,16,1024,1,i5,13,5.0,11,1,53
275,HP,HP Omen 16-XD0007ax Gaming Laptop ,104990,16,1024,1,,,7.0,11,1,0
276,MSI,MSI Vector GP68 HX 13VG-214IN Gaming Laptop ,184990,16,1024,1,i7,13,,11,1,0
277,Asus,Asus Vivobook Pro 15 OLED M6500QC-LK751WS Laptop ,90899,16,1024,1,,,7.0,11,1,0
278,Lenovo,Lenovo IdeaPad Flex 5 82R9008FIN Laptop ,61990,16,512,1,,,,11,1,0
279,Asus,Asus Vivobook Go 14 E1404FA-NK547WS Laptop ,42990,8,512,1,,,4.0,11,1,58
280,Acer,Acer Aspire 3 A315-24P NX.KDESI.00B Laptop ,33990,8,512,1,,,2.0,11,1,54
281,Asus,Asus Vivobook 16 2023 X1605ZAB-MB342WS Laptop ,41990,16,512,1,i3,12,4.0,11,1,0
282,Lenovo,Lenovo Thinkpad L14 Gen 2 ‎20X1S10V00 Laptop ,49499,8,512,1,i3,11,,11,1,54
283,HP,HP Omen 16-k0789TX Gaming Laptop ,90999,16,512,1,i5,12,,11,1,0
284,Lenovo,Lenovo V15 G4 Laptop ,35990,8,512,1,,,1.0,11,1,53
285,Lenovo,Lenovo Legion Slim 5 82Y9009JIN Gaming Laptop ,132190,16,1024,1,,,,11,1,0
286,Gigabyte,Gigabyte G5 MF-G2IN313SH Laptop ,78271,16,512,1,i7,12,1.0,11,1,0
287,Lenovo,Lenovo IdeaPad Slim 3 14ITL6 82H701N3IN Laptop ,37800,8,512,1,i3,11,1.0,11,1,0
288,Lenovo,Lenovo IdeaPad 3 15IAU7 82RK00WXIN Laptop ,32990,8,256,1,i3,12,8.0,11,1,57
289,Lenovo,Lenovo IdeaPad 1 15AMN7 82VG00ERIN Laptop ,31990,8,512,1,,,8.0,11,1,56
290,Asus,Asus Vivobook 16X K3605VU-MB541WS Laptop ,89990,16,512,1,i5,13,13.0,11,1,0
291,Asus,Asus Vivobook 16X K3605ZU-MB542WS Laptop ,80990,16,512,1,i5,12,17.0,11,1,0
292,Lenovo,Lenovo IdeaPad Gaming 3 15IHU6 82K101R9IN Laptop ,55499,8,512,1,i5,11,1.0,11,1,0
293,Asus,Asus Vivobook Go 14 E1404FA-NK543WS Laptop ,51990,16,512,1,,,12.0,11,1,57
294,Lenovo,Lenovo IdeaPad Gaming 3 82SB00V5IN Laptop ,66990,8,512,1,,,2.0,11,1,0
295,Asus,Asus Vivobook Go 14 E410KA-EK013W Laptop ,23990,8,256,1,,,3.0,11,1,45
296,Lenovo,Lenovo Yoga 7 82YL0095IN Laptop ,91990,16,1024,1,i5,13,,11,1,0
297,Asus,Asus Vivobook Pro 15 OLED M6500QC-LK741WS Laptop ,79660,16,512,1,,,1.0,11,1,0
298,Ultimus,Ultimus Lite NU14U4INC44BN-CS Laptop ,14990,4,256,1,,,2.0,11,1,45
299,Dell,Dell Inspiron 3520 IN3520KTMFJS01ORS1 Laptop ,31990,8,512,1,i3,11,37.0,11,1,58
300,Lenovo,Lenovo IdeaPad Gaming 3 15ACH6 82K20289IN Laptop ,47990,8,512,1,,,7.0,11,1,0
301,HP,HP Omen 17-ck2011TX Gaming Laptop ,339999,32,1024,1,i9,13,3.0,11,1,0
302,Dell,Dell Inspiron 7430 2 in 1 2023 Laptop ,55990,8,256,1,i3,13,1.0,11,1,57
303,Zebronics,Zebronics Pro Series Z ZEB-NBC 3S 2023 Laptop ,31990,8,512,1,i3,12,1.0,11,1,0
304,Zebronics,Zebronics Pro Series Z ZEB-NBC 4S 2023 Laptop ,37990,8,512,1,i5,12,,11,1,0
305,Zebronics,Zebronics ZEB-NBC 2S 2023 Laptop ,27990,8,512,1,i5,11,13.0,11,1,0
306,Primebook,Primebook PBMTWIFI11064 Wi-Fi Laptop ,12990,4,64,0,,,,11,1,0
307,Acer,Acer Aspire 5 A515-58GM 15 2023 Gaming Laptop ,63990,16,512,1,i5,13,1.0,11,1,0
308,Acer,Acer Nitro V ANV15-51 UN.QNASI.002 Gaming Laptop ,64990,16,512,1,i5,13,3.0,11,1,0
309,Acer,Acer Nitro V ANV15-51 NH.QNASI.001 Gaming Laptop ,62990,8,512,1,i5,13,3.0,11,1,0
310,Ultimus,Ultimus Lite NU14U4INC54BN-CS Laptop ,15890,8,256,1,,,4.0,11,1,47
311,Zebronics,Zebronics ZEB-NBC 5S 2023 Laptop ,52990,16,1024,1,i7,12,1.0,11,1,0
312,HP,HP 15s-fy5007TU Laptop ,51990,8,512,1,i5,12,4.0,11,1,0
313,Zebronics,Zebronics Pro Series Y ZEB-NBC 1S Laptop ,23990,8,512,1,i3,11,17.0,11,1,56
314,Zebronics,Zebronics ZEB-NBC 5S Laptop ,46990,16,512,1,i7,12,9.0,11,1,0
315,Asus,Asus TUF Gaming F17 FX707ZC4-HX048WS Gaming Laptop ,85990,8,512,1,i5,12,6.0,11,1,0
316,HP,HP Omen 16-u0024TX Gaming Laptop ,292999,32,2048,1,i9,13,,11,1,0
317,HP,HP Omen 17-cm2002TX Gaming Laptop ,165999,16,512,1,i7,13,,11,1,0
318,HP,HP Pavilion Plus ‎14-ey0789AU Laptop ,91999,16,1024,1,,,1.0,11,1,0
319,HP,HP Omen 16-u0021TX Gaming Laptop ,187500,16,1024,1,i7,13,,11,1,0
320,Lenovo,Lenovo Yoga Slim 6 14IRH8 83E00015IN Laptop ,83190,16,1024,1,i5,13,3.0,11,1,58
321,Lenovo,Lenovo IdeaPad Pro 5 83AQ005SIN Gaming Laptop ,108990,16,1024,1,i7,13,,11,1,0
322,Lenovo,Lenovo Yoga Slim 6 83E00006IN Laptop ,79990,16,512,1,i5,13,,11,1,57
323,Lenovo,Lenovo IdeaPad Gaming 3 82K2027CIN Laptop ,49990,8,512,1,,,14.0,11,1,0
324,Lenovo,Lenovo IdeaPad Gaming 3 15IHU6 82K101R3IN Laptop ,49990,8,512,1,i5,11,14.0,11,1,0
325,Asus,Asus TUF Gaming F17 FX706HF-HX019W Laptop ,66972,16,512,1,i5,11,5.0,11,1,0
326,Lenovo,Lenovo IdeaPad 1 15ALC7 82R400BSIN Laptop ,38290,8,512,1,,,6.0,11,1,56
327,Dell,Dell Inspiron 5430 IN5430FR0KC001ORS1 Laptop ,62990,8,512,1,i5,13,1.0,11,1,53
328,Asus,Asus Vivobook 15 X1502ZA-EJ531WS Laptop ,47990,8,512,1,i5,12,10.0,11,1,51
329,Acer,Acer One 11 Z8-284 UN.013SI.033 Laptop ,18990,8,128,1,,,4.0,11,1,45
330,HP,HP 15s-fy5006TU Laptop ,37990,8,512,1,i3,12,2.0,11,1,57
331,Lenovo,Lenovo IdeaPad Flex 5 14IRU8 82Y00051IN Laptop ,77990,16,512,1,i5,13,,11,1,0
332,Lenovo,Lenovo Yoga Slim 6 14IRH8 83E00007IN Laptop ,92990,16,512,1,i7,13,,11,1,58
333,Lenovo,Lenovo Legion Pro 5 82WM00B7IN Gaming Laptop ,164190,16,1024,1,,,,11,1,0
334,Lenovo,Lenovo IdeaPad 1 82VG00ESIN Laptop ,37990,8,512,1,,,5.0,11,1,57
335,Lenovo,Lenovo Legion 5 Pro 82JQ010EIN Laptop ,103395,16,512,1,,,,11,1,0
336,Lenovo,Lenovo Legion Slim 5 82YA00DXIN Gaming Laptop ,139190,16,1024,1,i7,13,,11,1,0
337,HP,HP Pavilion 14-dv2153TU Laptop ,68710,16,1024,1,i5,12,,11,1,0
338,Lenovo,Lenovo Legion Pro 7 2023 82WQ007TIN Gaming Laptop ,298990,32,1024,1,i9,13,,11,1,0
339,Lenovo,Lenovo IdeaPad Slim 5 82XD005RIN Laptop ,69990,16,512,1,i5,13,1.0,11,1,58
340,HP,HP 14s-dr3002TU Laptop ,27990,8,512,1,,,4.0,11,1,47
341,Lenovo,Lenovo IdeaPad 3 15IAU7 82RK00XDIN Laptop ,30990,8,256,1,i3,12,9.0,11,1,57
342,Lenovo,Lenovo IdeaPad Flex 5 14IRU8 82Y0004TIN Laptop ,92000,16,512,1,i7,13,5.0,11,1,0
343,Lenovo,Lenovo IdeaPad Slim 3 82RK00EMIN Laptop ,48990,8,512,1,i5,12,1.0,11,1,0
344,MSI,MSI Bravo 15 B7ED-011IN Gaming Laptop ,79990,16,512,1,,,3.0,11,1,0
345,Acer,Acer C734 NX.H8VSI.004 Chromebook Laptop ,25919,4,64,0,,,1.0,11,1,0
346,Acer,Acer Aspire 5 2023 A515-58GM Gaming Laptop ,56990,16,512,1,i5,13,6.0,11,1,0
347,Lenovo,Lenovo IdeaPad Slim 1 82VG00EVIN Laptop ,29990,8,512,1,,,11.0,11,1,57
348,Lenovo,Lenovo IdeaPad Gaming 3 82K101PCIN Laptop ,50190,8,512,1,i5,11,,11,1,0
349,MSI,MSI Bravo 15 B7ED-012IN Gaming Laptop ,47990,8,512,1,,,13.0,11,1,0
350,Asus,Asus ROG Strix G15 G513RC-HN251WS Gaming Laptop ,83990,16,1024,1,,,6.0,11,1,0
351,Asus,Asus Vivobook 16 2023 X1605VA-MB957WS Laptop ,95689,16,1024,1,i9,13,10.0,11,1,0
352,HP,HP Zbook FireFly 14 G8 4F0W6PA Laptop ,89999,16,512,1,i5,11,,11,1,0
353,Dell,Dell Inspiron 15 3511 IN35117W5CCS01ORB1 Laptop ,39990,8,512,1,i5,11,38.0,11,1,53
354,Lenovo,Lenovo IdeaPad Slim 3 82RK00VWIN Laptop ,35990,8,512,1,i3,12,6.0,11,1,59
355,Lenovo,Lenovo Thinkpad T14 Laptop ,90000,16,512,1,,,,11,1,58
356,Asus,Asus Vivobook S14 Flip TN3402QA-LZ751WS Laptop ,69990,16,1024,1,,,3.0,11,1,0
357,Lenovo,Lenovo IdeaPad Gaming 3 82SB00V3IN Laptop ,62990,16,512,1,,,2.0,11,1,0
358,Asus,Asus Vivobook S14 Flip TN3402QA-LZ551WS Laptop ,64500,16,1024,1,,,6.0,11,1,58
359,Lenovo,Lenovo IdeaPad Gaming 3 82SB00V4IN Laptop ,61990,8,512,1,,,2.0,11,1,0
360,Lenovo,Lenovo IdeaPad Gaming 3 82K2028AIN Laptop ,45990,8,512,1,,,8.0,11,1,0
361,Lenovo,Lenovo IdeaPad Slim 3 82RK011DIN Laptop ,30990,8,256,1,i3,12,6.0,11,1,51
362,Lenovo,Lenovo IdeaPad 1 15AMN7 82VG00EQIN Laptop ,26990,8,512,1,,,6.0,11,1,46
363,Dell,Dell Vostro 3520 Laptop ,42990,8,512,1,i5,11,23.0,11,1,57
364,Dell,Dell Inspiron 15 3520 IN352092K4N001ORS1 Laptop ,53480,16,512,1,i5,12,8.0,11,1,57
365,Dell,Dell Vostro 3530 Laptop ,56990,8,512,1,i5,13,3.0,11,1,56
366,Lenovo,Lenovo V14 G4 Laptop ,29490,8,512,1,,,4.0,11,1,51
367,Dell,Dell Vostro 3525 Laptop ,39990,8,512,1,,,1.0,11,1,56
368,Lenovo,Lenovo V15 G3 82TTA02UIH Laptop ,44621,8,512,1,i5,12,5.0,11,1,0
369,Asus,Asus ROG Strix G16 2023 G614JJ-N3086WS Gaming Laptop ,96489,16,512,1,i5,13,4.0,11,1,0
370,MSI,MSI Creator Z16 HX B13VFTO-215IN Laptop ,219990,32,1024,1,i7,13,2.0,11,1,0
371,Asus,Asus ROG Strix G16 2023 G614JJ-N3088WS Gaming Laptop ,99990,16,1024,1,i5,13,2.0,11,1,0
372,MSI,MSI Creator Pro M16 B13VJ-1272IN Gaming Laptop ,249990,32,1024,1,i7,13,19.0,11,1,0
373,HP,HP 240 G9 821J4PA Laptop ,74999,8,512,1,i5,12,4.0,11,1,0
374,Lenovo,Lenovo IdeaPad Slim 3i 82X70032IN Laptop ,41900,8,512,1,i3,13,2.0,11,1,43
375,Lenovo,Lenovo IdeaPad Flex 5 Gen 8 82XX0070IN Laptop ,67190,16,512,1,,,5.0,11,1,0
376,Lenovo,Lenovo IdeaPad 3 82H802L3IN Laptop ,36650,8,512,1,i3,11,,11,1,58
377,HP,HP ZBook Firefly 16 G9 6V2X7PA Workstation PC Laptop ,124999,16,1024,1,i7,12,8.0,11,1,0
378,Dell,Dell Inspiron 3530 15 Laptop ,64990,16,1024,1,i5,13,4.0,11,1,57
379,Lenovo,Lenovo IdeaPad Slim 3 82H803HPIN Laptop ,48990,16,512,1,i5,11,4.0,11,1,59
380,Infinix,Infinix INBook X2 Slim Series XL23 2023 Laptop ,35990,16,1024,1,i5,11,5.0,11,1,0
381,Acer,Acer Aspire Lite 15 AL15-51 Laptop ,35490,16,512,1,i3,11,1.0,11,1,0
382,Chuwi,Chuwi FreeBook Laptop ,33990,12,512,1,i3,12,8.0,11,1,50
383,Lenovo,Lenovo IdeaPad Flex 5 82R900D4IN Laptop ,64190,16,512,1,,,2.0,11,1,0
384,Microsoft,Microsoft Surface Laptop Go 3 ,94999,16,256,1,i5,12,3.0,11,1,0
385,HP,HP Victus 15-fb0158AX Gaming Laptop ,50490,8,512,1,,,4.0,11,1,0
386,Dell,Dell Inspiron 7430 2023 Laptop ,104990,16,1024,1,i7,13,2.0,11,1,0
387,Lenovo,Lenovo Legion Slim 5 16APH8 82Y90042IN Gaming Laptop ,128990,16,512,1,,,,11,1,0
388,Lenovo,Lenovo IdeaPad Gaming 3 15IHU6 82K101PBIN Laptop ,52190,8,512,1,i5,11,1.0,11,1,0
389,Lenovo,Lenovo Legion Slim 5 82Y9009KIN Gaming Laptop ,113990,16,512,1,,,2.0,11,1,0
390,HP,HP Pavilion x360 14-ek1021TU Laptop ,89990,16,512,1,i7,13,2.0,11,1,0
391,Lenovo,Lenovo S14 Gen 3 82TW001DIH Laptop ,47990,8,512,1,i5,12,3.0,11,1,56
392,Lenovo,Lenovo IdeaPad Gaming 3 15IAH7 82S9014LIN Laptop ,69990,16,512,1,i5,12,1.0,11,1,0
393,HP,HP 15-fc0027AU Laptop ,39990,8,512,1,,,1.0,11,1,57
394,Lenovo,Lenovo ThinkBook 15 Gen 5 21JF0026MJ Laptop ,50990,16,512,1,,,5.0,11,1,0
395,Lenovo,Lenovo Legion Slim 5 16APH8 82Y9008MIN Gaming Laptop ,137490,16,512,1,,,2.0,11,1,0
396,Acer,Acer Swift Go 14 NX.KG3SI.005 Laptop ,48994,16,512,1,,,3.0,11,1,0
397,Acer,Acer Aspire 5 A515-58M NX.KHFSI.003 Gaming Laptop ,42990,8,512,1,i3,13,4.0,11,1,50
398,Asus,Asus VivoBook 15 X515MA-BR022WS Laptop ,27980,8,512,1,,,1.0,11,1,43
399,HP,HP Spectre 17-cs0097nr Foldable Laptop ,415000,16,1024,1,i7,12,,11,1,0
400,Asus,Asus VivoBook 15 X1500EA-EJ311W Laptop ,26990,8,256,1,i3,11,11.0,11,1,57
401,Fujitsu,Fujitsu CH‎ 4ZR1L82434 Laptop ,69990,16,512,1,i7,13,15.0,11,1,0
402,Fujitsu,Fujitsu CH‎ 4ZR1L82433 Laptop ,59990,16,512,1,i5,13,19.0,11,1,0
403,Asus,Asus Vivobook 15X OLED M3504YA-LK752WS Laptop ,73463,16,1024,1,,,5.0,11,1,0
404,Asus,Asus Vivobook 15 X1502ZA-EJ993WS Laptop ,40990,16,512,1,i3,12,2.0,11,1,59
405,Asus,Asus Vivobook 15 X1504ZA-NJ542WS Laptop ,51990,16,512,1,i5,12,7.0,11,1,0
406,Acer,Acer Swift Go NXKPZSI002 Laptop ,72990,16,512,1,i5,13,6.0,11,1,0
407,HP,HP Pavilion 15-eg3018TU Laptop ,75990,16,1024,1,i5,13,1.0,11,1,59
408,HP,HP 15s-fq3066TU Laptop ,31964,8,512,1,,,15.0,11,1,51
409,Asus,Asus Vivobook Pro 15 M6500RC-HN741WS Laptop ,72990,16,512,1,,,1.0,11,1,0
410,HP,HP Victus 15-fb1016AX  Gaming Laptop ,52990,8,512,1,,,5.0,11,1,0
411,Lenovo,Lenovo Ideapad 3 15ITL06 82H803GUIN Laptop ,34890,8,512,1,i3,11,5.0,11,1,52
412,Lenovo,Lenovo IdeaPad 3 82H803HRIN Laptop ,58990,16,512,1,i7,11,2.0,11,1,0
413,Lenovo,Lenovo IdeaPad Flex 5 82Y00053IN Laptop ,87990,16,512,1,i7,13,,11,1,58
414,Lenovo,Lenovo Ideapad Slim 5 82XE004QIN Laptop ,66389,16,512,1,,,,11,1,0
415,Lenovo,Lenovo IdeaPad Slim 5i 83BG000DIN Laptop ,62991,16,512,1,i5,12,5.0,11,1,58
416,Lenovo,Lenovo IdeaPad Slim 5i 82XD003MIN Laptop ,69450,16,512,1,i5,13,,11,1,58
417,Asus,Asus Vivobook Pro 15 M6500QC-HN551WS Laptop ,69990,16,1024,1,,,,11,1,0
418,HP,HP 255 G9 841W6PA Laptop ,23990,8,512,1,,,5.0,11,1,49
419,Asus,Asus Vivobook Pro 15 M6500QC-HN751WS Laptop ,71990,16,1024,1,,,,11,1,0
420,Lenovo,Lenovo IdeaPad Slim 3 82RK00VVIN Laptop ,35890,8,512,1,i3,12,7.0,11,1,53
421,Asus,Asus Vivobook 16X 2023 K3605ZC-MBN752WS Laptop ,87990,16,1024,1,i7,12,3.0,11,1,0
422,Gigabyte,Gigabyte G5 MF-F2IN313SH Laptop ,71490,16,512,1,i5,12,1.0,11,1,0
423,Asus,Asus Zenbook Flip 14 OLED UP5401ZA-KU541WS Laptop ,80200,16,512,1,i5,12,2.0,11,1,0
424,Dell,Dell Inspiron 3530 IN3530RW8JY001ORS1 Laptop ,59890,8,1024,1,i5,13,4.0,11,1,53
425,Acer,Acer Aspire 7 A715-76G NH.QMYSI.001 Gaming Laptop ,52990,8,512,1,i5,12,,11,1,0
426,Asus,Asus TUF Gaming F15 90NR0GW1-M00F00 Laptop ,90990,16,1024,1,i7,12,4.0,11,1,0
427,Asus,Asus Vivobook 16X 2023 K3605ZV-MBN741WS Laptop ,126410,16,512,1,i7,12,20.0,11,1,0
428,Asus,Asus Chromebook CX1400CKA-EK0257 Laptop ,14990,4,64,0,,,20.0,11,1,0
429,Asus,Asus Vivobook 16 2023 X1605ZAB-MB322WS Laptop ,44639,8,512,1,i3,12,7.0,11,1,57
430,Lenovo,Lenovo IdeaPad 1 15IGL7 82V700BSIN Laptop ,24990,8,256,1,,,3.0,11,1,50
431,Asus,Asus Chromebook CX1400CKA-EK0335 Laptop ,15990,4,128,0,,,17.0,11,1,0
432,Asus,Asus Chromebook CX1500CKA-EJ0241 Laptop ,15990,4,64,0,,,15.0,11,1,0
433,Asus,Asus Chromebook CX1500CKA-EJ0277 Laptop ,16990,4,128,0,,,26.0,11,1,0
434,Asus,Asus Chromebook CX1500CKA-EJ0275 Laptop ,16990,8,64,0,,,24.0,11,1,0
435,Gigabyte,Gigabyte G6 KF Gaming Laptop ,130000,16,512,1,i7,13,,11,1,0
436,HP,HP 15s-eq2132AU Laptop ,46150,16,512,1,,,6.0,11,1,0
437,Gigabyte,Gigabyte G5 KF-E3IN313SH Laptop ,86990,8,512,1,i5,12,3.0,11,1,0
438,HP,HP 255 G8 7J035AA Laptop ,31999,8,256,1,,,3.0,11,1,56
439,Lenovo,Lenovo IdeaPad Slim 5 16IAH8 83BG000PIN Laptop ,61190,16,512,1,i5,12,1.0,11,1,0
440,Lenovo,Lenovo ThinkBook 15 G3 ACL 21A4003KUS Laptop ,57990,16,512,1,,,,11,1,0
441,Lenovo,Lenovo IdeaPad Slim 5 82XX007MIN Laptop ,70990,16,512,1,,,2.0,11,1,0
442,Asus,Asus Vivobook 16X K3605ZU-MBN742WS Laptop ,88500,16,512,1,i7,12,10.0,11,1,0
443,Acer,Acer Predator Helios Neo 16 2023 PHN16-71 Gaming Laptop ,179990,16,1024,1,i9,13,11.0,11,1,0
444,Lenovo,Lenovo IdeaPad Slim 5 82XE0072IN Laptop ,63990,16,512,1,,,,11,1,0
445,Lenovo,Lenovo IdeaPad Slim 3 82XQ008UIN Laptop ,39990,8,512,1,,,7.0,11,1,58
446,Lenovo,Lenovo IdeaPad Slim 3 82XQ0096IN Laptop ,42990,16,512,1,,,5.0,11,1,0
447,Lenovo,Lenovo V15 G3 IAP 82TT004VIH Laptop ,43216,8,512,1,i5,12,5.0,11,1,56
448,Asus,Asus Vivobook 14X OLED 2023 K3405VCB-KM951WS Laptop ,109990,16,1024,1,i9,13,,11,1,0
449,Asus,Asus Vivobook 16X K3605ZC-MBN541WS Laptop ,66990,16,512,1,i5,12,5.0,11,1,0
450,Asus,Asus Vivobook 16X K3605ZC-MBN542WS Laptop ,66990,16,512,1,i5,12,5.0,11,1,0
451,Asus,Asus Vivobook 16X K3605ZU-MBN541WS Laptop ,76990,16,512,1,i5,12,12.0,11,1,0
452,Asus,Asus Vivobook 14X K3405ZF-LY541WS Laptop ,64990,16,512,1,i5,12,3.0,11,1,0
453,Asus,Asus VivoBook 15 X1504ZA-NJ326WS Laptop ,36990,8,512,1,i3,12,5.0,11,1,57
454,Asus,Asus Vivobook Pro 15 OLED M6500QC-LK541WS Laptop ,71500,16,512,1,,,2.0,11,1,0
455,Asus,Asus Vivobook Go 14 2023 E1404FA-NK327WS Laptop ,33990,8,512,1,,,,11,1,56
456,Acer,Acer TMP214-41-G3 UN.VSQSI.007 Notebook ,34990,16,512,1,,,16.0,11,1,0
457,Acer,Acer TMP214-41-G3 UN.VSQSI.006 Notebook ,32990,8,512,1,,,20.0,11,1,0
458,Lenovo,Lenovo V14 82KAA055IH Laptop ,43200,8,512,1,i5,11,,11,1,54
459,HP,HP Omen 16-wf0057TX Gaming Laptop ,161869,16,1024,1,i7,13,1.0,11,1,0
460,HP,HP Omen 16-xf0043AX Gaming Laptop ,179490,32,1024,1,,,2.0,11,1,0
461,Gigabyte,Gigabyte Aero 14 OLED BMF Laptop ,164990,16,1024,1,i7,13,,11,1,0
462,HP,HP Victus15-fb0147AX Gaming Laptop ,45990,8,512,1,,,8.0,11,1,0
463,Dell,Dell Vostro 3520 Laptop ,33490,8,512,1,i3,11,9.0,11,1,58
464,Dell,Dell Inspiron 5430 IN54308DXWP001ORS1 Laptop ,86890,16,1024,1,i7,13,,11,1,57
465,Asus,Asus TUF Gaming F15  FX506HF-HN075W Gaming Laptop ,47990,8,512,1,i5,11,10.0,11,1,0
466,Asus,Asus TUF Gaming F15 FX506HF-HN076W Gaming Laptop ,53990,16,512,1,i5,11,6.0,11,1,0
467,Lenovo,Lenovo IdeaPad 3 82KU024JIN Laptop ,48790,16,512,1,,,1.0,11,1,0
468,HP,HP Victus 15-fb1018AX Gaming Laptop ,54999,8,512,1,,,1.0,11,1,0
469,Fujitsu,Fujitsu UH-X ‎4ZR1L73352 2-in-1 Laptop ,89994,16,1024,1,i7,13,17.0,11,1,0
470,HP,HP 15S-EQ1550AU Laptop ,31497,8,512,1,,,2.0,11,1,51
471,Dell,Dell Alienware x15 R2 D569947WIN9 Gaming Laptop ,223275,32,1024,1,i9,12,2.0,11,1,0
472,Lenovo,Lenovo IdeaPad Gaming 3i 82K101GTIN Laptop ,58850,8,512,1,i5,11,2.0,11,1,0
473,Asus,Asus Vivobook Pro 15 M6500QF-HN541WS Creator Laptop ,56904,16,512,1,,,4.0,11,1,0
474,Lenovo,Lenovo IdeaPad Slim 5 14IAH8 83BF0045IN Laptop ,62190,16,1024,1,i5,12,2.0,11,1,0
475,Wings,Wings Nuvobook S2 Laptop ,31990,8,512,1,i3,11,10.0,11,1,51
476,Wings,Wings Nuvobook Pro Laptop ,49990,16,512,1,i7,11,8.0,11,1,58
477,Wings,Wings Nuvobook S1 Laptop ,29990,8,256,1,i3,11,11.0,11,1,49
478,Ultimus,Ultimus Elite NU14U3INF56BN-CS Laptop ,19990,8,512,1,i5,10,21.0,11,1,54
479,Acer,Acer Aspire 3 Spin 14 NX.KENSI.002 Laptop ,39990,8,512,1,,,3.0,11,1,45
480,MSI,MSI Thin GF63 11UCX-1492IN Gaming Laptop ,53990,16,1024,1,i5,11,3.0,11,1,0
481,Lenovo,Lenovo IdeaPad Slim 5 16IRL8 82XF003GIN Laptop ,68190,16,512,1,i5,13,4.0,11,1,0
482,Lenovo,Lenovo IdeaPad 3 15ITL6 82H803GSIN Laptop ,33990,8,512,1,i3,11,8.0,11,1,0
483,MSI,MSI Stealth 16 Mercedes AMG A13VF-265IN Gaming Laptop ,219990,32,1024,1,i9,13,1.0,11,1,0
484,Lenovo,Lenovo IdeaPad Slim 5 82XD003NIN Laptop ,68890,16,512,1,i5,13,2.0,11,1,0
485,Infinix,Infinix INBook X3 Slim Series XL422 Laptop ,44990,16,512,1,i7,12,3.0,11,1,57
486,Infinix,Infinix INBook X3 Slim XL422 Laptop ,38990,16,512,1,i5,12,5.0,11,1,56
487,Lenovo,Lenovo IdeaPad Slim 5i 82XD0040IN Laptop ,83190,16,512,1,i7,13,4.0,11,1,0
488,HP,HP Victus 15-fb0150AX Gaming Laptop ,53090,16,512,1,,,3.0,11,1,0
489,Lenovo,Lenovo IdeaPad Slim 5 16IRL8 82XF003JIN Laptop ,82190,16,512,1,i7,13,3.0,11,1,0
490,Dell,Dell Inspiron 3520 Laptop ,38700,8,512,1,i3,11,,11,1,58
491,Dell,Dell Inspiron 3530 2023 Laptop ,44989,8,1024,1,i3,13,2.0,11,1,56
492,Dell,Dell Vostro 3430 Laptop ,43490,8,512,1,i3,13,2.0,11,1,57
493,Dell,Dell Inspiron 3535 2023 Laptop ,47490,8,1024,1,,,2.0,11,1,54
494,Dell,Dell Inspiron 5330 2023 Laptop ,87557,16,1024,1,i5,13,,11,1,0
495,Dell,Dell Inspiron 7430 2023 2 in 1 Laptop ,77490,8,1024,1,i5,13,,11,1,59
496,HP,HP Victus 15-FB0142AX Gaming Laptop ,74950,16,512,1,,,2.0,11,1,0
497,Dell,Dell Inspiron 7430 2 in 1 Touch Laptop ,87290,16,1024,1,i5,13,3.0,11,1,0
498,Dell,Dell Vostro 3430 VN3430RHXFG001ORB1 Laptop ,59422,8,512,1,i5,13,1.0,11,1,0
499,Dell,Dell Inspiron 3525 Laptop ,34890,8,512,1,,,5.0,11,1,58
500,Asus,Asus TUF Gaming F15 FX577ZC-HN192W Gaming Laptop ,89990,16,1024,1,i7,12,,11,1,0
501,MSI,MSI Thin GF63 12VF-663IN Gaming Laptop ,89990,16,512,1,i7,12,9.0,11,1,0
502,MSI,MSI Katana 17 B12VGK-672IN Gaming Laptop ,134990,16,1024,1,i7,12,2.0,11,1,0
503,MSI,MSI Thin GF63 11SC-1494IN Gaming Laptop ,41990,8,512,1,i5,11,12.0,11,1,0
504,MSI,MSI Thin GF63 12VE-664IN Gaming Laptop ,90990,16,1024,1,i7,12,,11,1,0
505,MSI,MSI Thin GF63 11UC-1490IN Gaming Laptop ,54990,16,1024,1,i5,11,6.0,11,1,0
506,MSI,MSI Thin GF63 11SC-1493IN Gaming Laptop ,44990,16,512,1,i5,11,13.0,11,1,0
507,MSI,MSI Pulse 17 B13VGK-666IN Gaming Laptop ,128990,8,1024,1,i7,13,4.0,11,1,0
508,Lenovo,Lenovo Ideapad Slim 3 15ITL05 81X800N1IN Laptop ,37500,8,512,1,i3,11,2.0,11,1,59
509,MSI,MSI Thin GF63 11UCX-1497IN Gaming Laptop ,44990,8,512,1,i5,11,10.0,11,1,0
510,MSI,MSI Thin GF63 11UCX-1496IN Gaming Laptop ,47990,16,512,1,i5,11,9.0,11,1,0
511,MSI,MSI Pulse 17 B13VGK-652IN Gaming Laptop ,183990,16,1024,1,i9,13,2.0,11,1,0
512,HP,HP Victus  15-fa1060TX  Gaming Laptop ,99999,16,512,1,i5,13,,11,1,0
513,HP,HP Omen 16-wf0052TX Gaming Laptop ,131490,16,512,1,i5,13,1.0,11,1,0
514,HP,HP Omen 16-u0023TX Gaming Laptop ,239299,32,1024,1,i9,13,,11,1,0
515,HP,HP Victus 15-fa1064TX Gaming Laptop ,109990,16,512,1,i7,13,1.0,11,1,0
516,Gigabyte,Gigabyte Aorus 15 9SF Gaming Laptop ,149990,16,1024,1,i5,12,,11,1,0
517,HP,HP Victus 15-fb0153AX Gaming Laptop ,50999,8,512,1,,,4.0,11,1,0
518,Asus,Asus Vivobook 15 X1504ZA-NJ325WS Laptop ,36990,8,512,1,i3,12,3.0,11,1,57
519,Asus,Asus VivoBook 14 2023 X1404ZA-NK321WS Laptop ,36990,8,512,1,i3,12,2.0,11,1,59
520,Lenovo,Lenovo IdeaPad Slim 5 82XE004RIN Laptop ,52990,16,512,1,,,8.0,11,1,0
521,Chuwi,Chuwi CoreBook X Pro Laptop ,32999,16,512,1,i5,10,,11,1,53
522,HP,HP Envy x360 13-bf0141tu Laptop ,104983,16,512,1,i7,12,1.0,11,1,0
523,HP,HP Omen 16-wd0770TX Gaming Laptop ,99390,16,512,1,i5,13,2.0,11,1,0
524,Lenovo,Lenovo IdeaPad Slim 3 82XQ008VIN Laptop ,43990,16,512,1,,,1.0,11,1,58
525,HP,HP Dragonfly G4 Laptop ,231746,16,512,1,i7,13,,11,1,0
526,Asus,Asus Vivobook Pro 15 M6500QFB-LK541WS Laptop ,69990,16,512,1,,,11.0,11,1,0
527,Asus,Asus Vivobook 16X 2023 K3605ZC-MBN741WS Laptop ,94990,16,512,1,i7,12,14.0,11,1,0
528,Acer,Acer Predator 16 NH.QLUSI.005 Laptop ,159990,16,1024,1,i9,13,1.0,11,1,0
529,Lenovo,Lenovo IdeaPad Slim 5i 82XF003CIN Laptop ,69990,16,512,1,i5,13,2.0,11,1,0
530,HP,HP Victus 15-fa0188TX Gaming Laptop ,82490,16,512,1,i7,12,2.0,11,1,0
531,Lenovo,Lenovo IdeaPad Slim 5 82XD003PIN Laptop ,64190,16,512,1,i5,13,5.0,11,1,0
532,HP,HP Victus 15-fb0134AX Gaming Laptop ,54990,16,512,1,,,3.0,11,1,0
533,Dell,Dell Inspiron 3520 IN3520KTMFJ001ORS1 Laptop ,35730,8,512,1,i3,11,8.0,11,1,58
534,HP,HP Pavilion x360 14-ek1074TU Laptop ,74990,16,512,1,i5,13,4.0,11,1,0
535,Lenovo,Lenovo LOQ 15IRH8 82XV00F6IN 2023 Gaming Laptop ,85990,16,512,1,i5,12,6.0,11,1,0
536,Lenovo,Lenovo LOQ 15IRH8 82XV00F7IN 2023 Gaming Laptop ,90990,16,512,1,i5,12,6.0,11,1,0
537,HP,HP 15s-fr2515TU Laptop ,36790,8,512,1,i3,11,1.0,11,1,0
538,Lenovo,Lenovo LOQ 15IRH8 82XV00F5IN 2023 Gaming Laptop ,79990,16,512,1,i5,12,4.0,11,1,0
539,Lenovo,Lenovo LOQ 15APH8 82XT004HIN 2023 Gaming Laptop ,83990,16,512,1,,,4.0,11,1,0
540,MSI,MSI Vector GP68HX 13VH-072IN Gaming Laptop ,284990,32,1024,1,i9,13,,11,1,0
541,Lenovo,Lenovo LOQ 15APH8 82XT004JIN 2023 Gaming Laptop ,92990,16,512,1,,,7.0,11,1,0
542,Asus,Asus Vivobook 15 X1502ZA-EJ545WS Laptop ,49990,16,512,1,i5,12,13.0,11,1,0
543,MSI,MSI Vector GP78HX 13VI-409IN Gaming Laptop ,344990,32,2048,1,i9,13,,11,1,0
544,Lenovo,Lenovo LOQ 15APH8 82XT009CIN 2023 Gaming Laptop ,101990,16,512,1,,,7.0,11,1,0
545,HP,HP Omen 16-wf0111TX Gaming Laptop ,146599,16,1024,1,i7,13,,11,1,0
546,Lenovo,Lenovo IdeaPad Slim 5 Light 14ABR8 82XS002RIN Laptop ,55890,16,512,1,,,2.0,11,1,0
547,Acer,Acer Aspire 5 A515-56G NX.AT2SI.001 Laptop ,46990,8,512,1,i5,11,,11,1,0
548,Lenovo,Lenovo LOQ 15IRH8 82XV00BQIN 2023 Gaming Laptop ,100190,16,512,1,i7,13,1.0,11,1,0
549,HP,HP Omen 16-wf0055TX Gaming Laptop ,136990,16,512,1,i7,13,1.0,11,1,0
550,HP,HP Omen 16-xf0059AX Gaming Laptop ,115999,16,512,1,,,3.0,11,1,0
551,HP,HP 240 G8 689U2PA Business Laptop ,34400,8,512,1,i3,11,10.0,11,1,0
552,Infinix,Infinix INBook X2 Plus Laptop ,40990,16,1024,1,i7,11,25.0,11,1,0
553,Acer,Acer Nitro 5 AN515-58 NH.QFHSI.008 Gaming Laptop ,65990,8,512,1,i5,12,1.0,11,1,0
554,Lenovo,Lenovo V15 82C700J2IH  Laptop ,32999,4,1024,0,,,,11,1,52
555,Acer,Acer Aspire Lite AL15-51 2023 Laptop ,33990,8,512,1,,,5.0,11,1,58
556,HP,HP 255 G8 Laptop ,25990,4,256,1,,,8.0,11,1,44
557,Lenovo,Lenovo Yoga Book 9i 2023 82YQ001DIN Laptop ,223190,16,1024,1,i7,13,,11,1,0
558,Dell,Dell Inspiron 5330 Laptop ,95990,16,512,1,i7,13,,11,1,0
559,Dell,Dell Inspiron 5330 Laptop ,84490,16,512,1,i5,13,,11,1,0
560,Dell,Dell XPS 15 9530 Laptop ,257490,16,1024,1,i7,13,,11,1,0
561,Asus,Asus Vivobook 15 X1504ZA-NJ321WS Laptop ,38990,8,512,1,i3,12,1.0,11,1,57
562,HP,HP Victus 16-D0314TX Gaming Laptop ,64500,16,512,1,i5,11,1.0,11,1,0
563,Lenovo,Lenovo Legion Y9000X 2023 Laptop ,148990,32,1024,1,i9,13,,11,1,0
564,Jio,Jio JioBook NB1112MM BLU 2023 Netbook Laptop ,14701,4,64,0,,,1.0,11,1,0
565,MSI,MSI Prestige 14 Evo B12M-472IN Laptop ,77990,16,512,1,i5,12,1.0,11,1,0
566,HP,HP Omen 16-u0005TX Gaming Laptop ,146499,16,1024,1,i7,13,13.0,11,1,0
567,Lenovo,Lenovo Legion Y9000X Laptop ,150000,5,1024,1,i9,13,,11,1,0
568,Lenovo,Lenovo IdeaPad Slim 5i 82XF003DIN Laptop ,89889,16,512,1,i7,13,,11,1,0
569,HP,HP 250 G9 821J6PA Laptop ,64990,8,512,1,i5,12,,11,1,0
570,Dell,Dell Alienware X16 Gaming Laptop ,454490,32,2048,1,i9,13,,11,1,0
571,Dell,Dell Alienware X16 R1 2023 Gaming Laptop ,323990,32,1024,1,i9,13,,11,1,0
572,MSI,MSI Modern 15 B11M-063IN Laptop ,36990,8,512,1,i3,11,21.0,11,1,59
573,MSI,MSI Modern 15 B12M-613IN Laptop ,34521,8,512,1,i3,12,2.0,11,1,58
574,Dell,Dell Alienware M18 R1 2023 Gaming Laptop ,446490,64,1024,1,i9,13,1.0,11,1,0
575,Lenovo,Lenovo Yoga 6 83B2005TIN Laptop ,74990,16,512,1,,,1.0,11,1,0
576,HP,HP 15s-fy5005TU Laptop ,42990,8,1024,1,i3,12,4.0,11,1,56
577,Asus,Asus Vivobook 16X 2023 K3605ZF-MBN741WS Laptop ,83999,16,512,1,i7,12,3.0,11,1,0
578,Asus,Asus ROG Zephyrus G16 2023 GU603ZU-N3023WS Laptop ,124990,16,1024,1,i7,12,12.0,11,1,0
579,Asus,Asus Vivobook Pro 15 M6500QC-LK542WS Laptop ,70000,16,512,1,,,,11,1,0
580,HP,HP 15s-fy5004TU Laptop ,41970,16,512,1,i3,12,3.0,11,1,57
581,Lenovo,Lenovo IdeaPad Slim 3 82XQ008GIN Laptop ,39390,8,512,1,,,3.0,11,1,57
582,Asus,Asus Vivobook 14X K3405ZFB-KM752WS Laptop ,99222,16,1024,1,i7,12,20.0,11,1,0
583,Acer,Acer Nitro 16 ‎AN16-41 Gaming Laptop ,129990,16,512,1,,,6.0,11,1,0
584,LG,LG Gram 14 2023 ‎‎14Z90R-G.CH54A2 Laptop ,96990,16,512,1,i5,13,1.0,11,1,0
585,Lenovo,Lenovo IdeaPad Flex 5 82XX007KIN Laptop ,66190,16,512,1,,,,11,1,0
586,Acer,Acer Nitro 16 ‎AN16-41 2023 Gaming Laptop ,114331,8,512,1,,,1.0,11,1,0
587,Dell,Dell Alienware m16 Gaming Laptop ,299990,32,2048,1,,,,11,1,0
588,HP,HP ZBook Firefly 14 G9 Workstation 2023 Laptop ,121867,16,512,1,i7,12,,11,1,0
589,Fujitsu,Fujitsu UH-X ‎4ZR1L12856 Laptop ,79990,16,512,1,i7,13,13.0,11,1,0
590,HP,HP 15s-fq3073TU Laptop Intel Pentium Silver N6000/ 8GB/ 512GB SSD/ Win11 Home),32990,8,512,0,,,2.0,11,1,46
591,HP,HP ZBook Firefly 14 G9 2023 Laptop ,108498,16,512,1,i5,12,,11,1,0
592,HP,HP ZBook Firefly 16 G9 Workstation PC 2023 Laptop ,125500,16,512,1,i7,12,,11,1,0
593,HP,HP ZBook Firefly 16 G9 2023 Workstation PC Laptop ,126800,16,1024,1,i5,12,,11,1,0
594,Acer,Acer Aspire Lite AL15-51 2023 Laptop ,42380,16,512,1,i5,11,,11,1,0
595,Acer,Acer Aspire Lite 2023 AL15-51 Laptop ,39349,8,512,1,i5,11,,11,1,0
596,HP,HP ZBook Studio G9 WUXGA 16 Workstation Laptop ,374088,32,1024,1,i9,12,,11,1,0
597,HP,HP ZBook Studio G9 2023 Workstation WQUXGA Laptop ,390914,32,1024,1,i9,12,,11,1,0
598,LG,LG UltraPC 16 ‎16U70R-G.AH56A2 Laptop ,76990,16,512,1,,,,11,1,0
599,HP,HP ZBook Studio G9 WUXGA Workstation Laptop ,261827,16,1024,1,i7,12,5.0,11,1,0
600,HP,HP Chromebook 15a-nb0002TU Laptop ,50990,8,256,1,,,17.0,11,1,0
601,HP,HP ZBook Studio G9 Workstation Laptop ,278764,16,1024,1,i7,12,5.0,11,1,0
602,Asus,Asus ROG Zephyrus G14 GA402NJ-L8094WS Gaming Laptop ,99990,16,512,1,,,17.0,11,1,0
603,Lenovo,Lenovo IdeaPad 1 82V6005CIN Laptop ,20990,4,256,1,,,11.0,11,1,0
604,HP,HP ZBook Studio G9 16 Workstation WQUXGA Laptop ,292347,32,1024,1,i9,12,,11,1,0
605,LG,LG gram360 16 Laptop ,149990,16,1024,1,i7,13,,11,1,0
606,LG,LG Gram 14 2023 ‎14Z90R-G.CH75A2 Laptop ,114990,16,512,1,i7,13,,11,1,0
607,Acer,Acer Nitro 5 AN515-58 UN.QFHSI.026 Gaming Laptop ,67990,16,512,1,i5,12,3.0,11,1,0
608,Walker,Walker NU14A1 Laptop ,14990,4,128,1,,,16.0,11,1,0
609,Asus,Asus Vivobook 16X 2023 K3605ZV-MB741WS Laptop ,128185,16,512,1,i7,12,18.0,11,1,0
610,Asus,Asus Vivobook 15 2023 X1504VA-NJ544WS Laptop ,70121,16,512,1,i5,13,11.0,11,1,0
611,HP,HP 255 G8 6E3Z0PA Laptop ,23990,8,512,1,,,5.0,11,1,52
612,HP,HP Omen 16-wd0880TX Gaming Laptop ,94990,16,512,1,i5,13,5.0,11,1,0
613,Dell,Dell Inspiron 14 5430 2023 Laptop ,66490,8,1024,1,i5,13,2.0,11,1,0
614,HP,HP Omen 16-wd0990TX Gaming Laptop ,95899,16,512,1,i5,13,5.0,11,1,0
615,Infinix,Infinix Zerobook 13 ZL513 2023 Laptop ,57990,32,1024,1,i7,13,15.0,11,1,0
616,Dell,Dell Inspiron 2023 14 5430 Laptop ,74490,16,1024,1,i5,13,1.0,11,1,0
617,Infinix,Infinix INBook Y1 Plus Neo 2023 XL30 Laptop ,20990,4,128,1,,,,11,1,47
618,Lenovo,Lenovo S14 Gen 3 82TW001CIH Laptop ,49990,8,512,1,i5,12,2.0,11,1,0
619,Lenovo,Lenovo IdeaPad 1 14IGL7 82V6005EIN Laptop ,23990,8,256,1,,,4.0,11,1,50
620,MSI,MSI Katana GF66 12UCOK 2023 Gaming Laptop ,69990,16,512,1,i5,12,3.0,11,1,0
621,Lenovo,Lenovo ThinkBook 15 21JF002CIN Laptop ,32450,8,512,1,,,2.0,11,1,59
622,MSI,MSI Thin GF63 11SC-1477IN Gaming Laptop ,45990,8,512,1,i5,11,3.0,11,1,0
623,Lenovo,Lenovo ThinkPad E14 21JRS00Y00 Laptop ,42990,8,512,1,,,1.0,11,1,0
624,Lenovo,Lenovo ThinkPad T14 Gen 2 20W0S16Q00 Laptop ,101499,16,512,1,i7,11,4.0,11,1,0
625,Lenovo,Lenovo IdeaPad Gaming 3 15ACH6 82K2022YIN Laptop ,63990,8,512,1,,,3.0,11,1,0
626,Asus,Asus Vivobook 15 2023 X1504VA-NJ543WS Laptop ,69934,16,512,1,i5,13,12.0,11,1,0
627,Asus,Asus Vivobook 15 OLED 2023 X1505VAU-LK543WS Laptop ,66990,16,512,1,i5,13,2.0,11,1,0
628,Lenovo,Lenovo IdeaPad Slim 3 2023 82X70033IN Laptop ,44990,8,512,1,i3,13,1.0,11,1,58
629,HP,HP Envy x360 15-fe0028TU Laptop ,96590,16,512,1,i5,13,2.0,11,1,0
630,HP,HP Envy x360 15-fh0015AU Laptop ,78890,16,512,1,,,1.0,11,1,0
631,HP,HP Envy x360 15-fe0027TU Laptop ,87990,16,512,1,i5,13,1.0,11,1,0
632,Dell,Dell Inspiron 7430 2 in 1 Laptop ,59990,8,1024,1,i3,13,,11,1,56
633,HP,HP 14-em0025AU Laptop ,43990,8,512,1,,,13.0,11,1,57
634,Asus,Asus Vivobook 15 X1502ZA-EJ523WS Laptop ,48990,8,512,1,i5,12,1.0,11,1,0
635,Asus,Asus Vivobook 14X K3405ZFB-KM541WS Laptop ,67990,16,512,1,i5,12,2.0,11,1,0
636,HP,HP Pavilion Plus ‎14-eh1047TU Laptop ,107763,16,512,1,i7,13,4.0,11,1,0
637,HP,HP Envy x360 15-ew0041TU Laptop ,83990,16,512,1,i5,12,1.0,11,1,0
638,Lenovo,Lenovo Thinkbook 15 21DJ00EXIH Laptop ,52990,8,512,1,i5,12,2.0,11,1,0
639,Lenovo,Lenovo ThinkPad E14 21JRS00U00 Laptop ,55445,16,512,1,,,3.0,11,1,0
640,Acer,Acer Aspire Lite AL15-51 UN.431SI.252 Laptop ,31980,8,512,1,i3,11,2.0,11,1,59
641,Lenovo,Lenovo IdeaPad Gaming 3 15ACH6 82K2025JIN Laptop ,49990,8,512,1,,,9.0,11,1,0
642,Lenovo,Lenovo Ideapad Gaming 3 82SB00NXIN Laptop ,56990,16,512,1,,,,11,1,0
643,MSI,MSI Modern 14 C11M-029IN Laptop ,39990,16,512,1,i5,11,3.0,11,1,0
644,HP,HP 15s-ey2001AU Laptop ,53990,16,512,1,,,2.0,11,1,0
645,Chuwi,Chuwi CoreBook X Laptop ,24990,8,512,1,i3,10,3.0,11,1,50
646,Dell,Dell Inspiron 3535 Laptop ,41490,8,512,1,,,7.0,11,1,53
647,‎HP,‎HP Zbook Power G4-A 2023 ZHAN 99 Laptop ,115706,16,1024,1,,,,11,1,0
648,HP,HP Envy 15-fe0030TU Laptop ,109990,16,512,1,i7,13,,11,1,0
649,HP,HP Envy 15-fe0032TU Laptop ,115990,16,1024,1,i7,13,,11,1,0
650,Infinix,Infinix Zerobook ZL513 2023 Laptop ,42990,16,512,1,i5,13,19.0,11,1,57
651,HP,HP 14-hr0001AU Laptop ,44990,8,512,1,,,,11,1,58
652,HP,HP 14-hr0000AU Laptop ,52990,16,512,1,,,5.0,11,1,0
653,Asus,Asus Vivobook 16X 2023 K3605ZF-MBN544WS Laptop ,64190,16,512,1,i5,12,14.0,11,1,0
654,Asus,Asus ROG Zephyrus G14 2023 GA402XU-N2045WS Gaming Laptop ,139990,16,1024,1,,,9.0,11,1,0
655,Lenovo,Lenovo ThinkBook 15 G5 21JFA00QIN Laptop ,46990,8,512,1,,,6.0,11,1,0
656,Ninkear,Ninkear A16 Gaming Laptop ,79999,32,2048,1,,,,11,1,0
657,Lenovo,Lenovo IdeaPad Gaming 3 82K2022VIN Laptop ,61990,8,512,1,,,1.0,11,1,0
658,Lenovo,Lenovo IdeaPad Gaming 3 15IHU6 82K101M5IN Laptop ,52990,16,512,1,i5,11,9.0,11,1,0
659,Dell,Dell Inspiron 7420 2in1 Laptop ,86690,16,512,1,i7,12,5.0,11,1,0
660,Lenovo,Lenovo IdeaPad 3 15ITL05 81X800N2IN Laptop ,32990,8,512,1,i3,11,9.0,11,1,59
661,Lenovo,Lenovo IdeaPad Gaming 3 15IAH7 82S9014KIN Laptop ,70990,16,512,1,i5,12,2.0,11,1,0
662,HP,HP 14-em0026AU Laptop ,44490,8,512,1,,,1.0,11,1,58
663,Asus,Asus Vivobook 16X 2023 K3605ZU-MB741WS Laptop ,79990,16,512,1,i7,12,15.0,11,1,0
664,Lenovo,Lenovo Thinkpad E14 21E3S06300 Laptop ,65500,8,512,1,i5,12,2.0,11,1,0
665,Dell,Dell Vostro 5620 Laptop ,43990,8,512,1,i3,12,,11,1,58
666,Lenovo,Lenovo ‎ThinkPad E14 Gen 4 21E3S06D00 Laptop ,49999,8,512,1,i3,12,,11,1,0
667,Lenovo,Lenovo ‎ThinkPad E14 Gen 4 21E3S08E00 Laptop ,115999,16,512,1,i7,12,3.0,11,1,0
668,Acer,Acer Aspire 3 NX.KDESI.008 Laptop ,30990,8,512,1,,,1.0,11,1,57
669,Asus,Asus TUF Gaming F15 2022 FX507ZC4-HN116W Gaming Laptop ,84800,16,512,1,i5,12,5.0,11,1,0
670,Dell,Dell Inspiron 16 5635 Laptop ,55990,8,512,1,,,4.0,11,1,0
671,HP,HP Pavilion 14-dv1043TU Laptop ,53690,8,512,1,i5,11,2.0,11,1,0
672,Lenovo,Lenovo IdeaPad Slim 3 82XQ008EIN Laptop ,32790,8,512,1,,,3.0,11,1,57
673,Razer,Razer Blade 14 2023 Gaming Laptop ,199990,32,1024,1,,,,11,1,0
674,MSI,MSI Bravo 15 C7UDXK-093IN Gaming Laptop ,74990,16,512,1,,,,11,1,0
675,Acer,Acer Aspire 5 A515-58M 2023 Gaming Laptop ,42990,8,512,1,i3,13,1.0,11,1,50
676,MSI,MSI Bravo 15 C7UCXK-094IN Gaming Laptop ,54990,16,512,1,,,6.0,11,1,0
677,Dell,Dell Latitude 3420 GD723YX17 Laptop ,43990,8,512,1,i5,11,9.0,11,1,0
678,Acer,Acer Nitro 5 AN515-58 NH.QLZSI.001 Gaming Laptop ,86990,16,512,1,i7,12,4.0,11,1,0
679,Acer,Acer Nitro 5 AN515-58 NH.QLZSI.001 Gaming Laptop ,86990,16,512,1,i7,12,4.0,11,1,0
680,Acer,Acer One 14 Z8-415 ‎2023 Laptop ,36990,16,512,1,i5,11,3.0,11,1,0
681,Asus,Asus Vivobook 15 X1504ZA-NJ521WS Laptop ,47990,8,512,1,i5,12,1.0,11,1,59
682,MSI,MSI Thin GF63 11UCX-1471IN Gaming Laptop ,47990,8,512,1,i5,11,4.0,11,1,0
683,MSI,MSI Bravo 15 C7VEK-088IN Gaming Laptop ,87980,16,1024,1,,,8.0,11,1,0
684,MSI,MSI Bravo 17 C7VEK-035IN Gaming Laptop ,94990,16,1024,1,,,1.0,11,1,0
685,MSI,MSI Bravo 15 C7VEK-089IN Gaming Laptop ,77990,16,512,1,,,9.0,11,1,0
686,Asus,Asus TUF Gaming F15 2022 FX507ZC4-HN115W Gaming Laptop ,69990,8,512,1,i5,12,3.0,11,1,0
687,HP,HP 255 G9 7M654PA Laptop ,38990,8,512,1,i3,12,16.0,11,1,0
688,Lenovo,Lenovo ThinkPad T14 2022 Laptop ,99990,16,512,1,i7,12,20.0,11,1,0
689,HP,HP Pavilion 15-eg3079TU Laptop ,65990,16,512,1,i5,13,9.0,11,1,0
690,MSI,MSI Modern 14 C12M-670IN Laptop ,60990,8,512,1,i7,12,3.0,11,1,0
691,MSI,MSI Prestige 13 Evo A12M-085IN Laptop ,77990,8,512,1,i5,12,,11,1,0
692,MSI,MSI Thin GF63 11UC-1475IN Gaming Laptop ,51790,8,512,1,i5,11,,11,1,0
693,MSI,MSI Modern 14 C12M-671IN Laptop ,49990,16,512,1,i7,12,9.0,11,1,0
694,MSI,MSI Thin GF63 11UC-1474IN Gaming Laptop ,54990,16,512,1,i5,11,4.0,11,1,0
695,Dell,Dell XPS 9530 2023 Laptop ,279490,32,1024,1,i7,13,,11,1,0
696,Dell,Dell XPS 13 Plus 9320 2023 Laptop ,201990,32,1024,1,i7,13,,11,1,0
697,Dell,Dell XPS 17 9730 Laptop ,355490,32,1024,1,i9,13,,11,1,0
698,Dell,Dell XPS 17 9730 Laptop ,303490,32,1024,1,i7,13,,11,1,0
699,Lenovo,Lenovo Legion Slim 7i 2023 Gaming Laptop ,157544,16,1024,1,i5,13,,11,1,0
700,Lenovo,Lenovo Legion Pro 7i 2023 Gaming Laptop ,286200,32,1024,1,i9,13,,11,1,0
701,Lenovo,Lenovo ThinkPad E14 G3 20Y7S08900 Laptop ,59999,8,512,1,,,3.0,11,1,58
702,Lenovo,Lenovo Thinkpad E14 G4 21E3006UIG Laptop ,67000,8,512,1,i5,12,2.0,11,1,0
703,Lenovo,Lenovo V15 G3 IAP 82TTA00UIH Laptop ,32980,8,512,1,i3,12,1.0,11,1,53
704,Lenovo,Lenovo Legion Pro 5 82WM00B5IN 2023 Gaming Laptop ,142190,16,1024,1,,,,11,1,0
705,Lenovo,Lenovo Thinkpad E14 G4 21E3S02M00 Laptop ,125000,16,512,1,i7,12,1.0,11,1,0
706,LG,LG Gram 2 in 1 16 Laptop ,205000,8,256,1,i5,13,,11,1,0
707,LG,LG Gram 16 2023 16Z90R Laptop ,142990,16,1024,1,i7,13,,11,1,0
708,LG,LG Gram 17 2023 17Z90R-G.CH77A2 Laptop ,146990,16,1024,1,i7,13,,11,1,0
709,LG,LG Gram Style 14 14Z90RS-G.CH74A2 Laptop ,150999,16,512,1,i7,13,,11,1,0
710,LG,LG UltraPC 16 16U70R-G.AH76A2 Laptop ,87990,16,512,1,,,,11,1,0
711,AXL,AXL Vayu Book LAP01 Laptop ,12990,4,128,1,,,12.0,11,1,0
712,AXL,AXL Vayu Book LAP02 Laptop ,15990,4,256,1,,,7.0,11,1,0
713,MSI,MSI Modern 14 C12M-444IN Laptop ,36990,16,512,1,i3,12,3.0,11,1,0
714,Lenovo,Lenovo Thinkbook 14 Gen 4 Laptop ,64990,16,1024,1,i5,12,12.0,11,1,0
715,MSI,MSI Modern 14 C7M-218IN Laptop ,52990,16,512,1,,,3.0,11,1,0
716,Asus,Asus Vivobook 14X 90NB11H2-M004D0 Laptop ,64990,16,512,1,i5,12,1.0,11,1,0
717,HP,HP Pavilion 15-EH3101AU Laptop ,64600,16,512,1,,,2.0,11,1,0
718,Lenovo,Lenovo S14 82TW0019IH Laptop ,46980,8,512,1,i5,12,1.0,11,1,57
719,Asus,Asus Vivobook Pro 15 M6500QF-HN741WS  Laptop ,61990,16,512,1,,,4.0,11,1,0
720,Asus,Asus Vivobook Pro 15 M6500QF-HN521WS Laptop ,50990,8,512,1,,,3.0,11,1,0
721,Acer,Acer Aspire 7 A715-76G UN.QMESI.004 Gaming Laptop ,62000,16,512,1,i5,12,11.0,11,1,0
722,HP,HP Victus 16 16-d0309TX Laptop ,57999,8,512,1,i5,11,6.0,11,1,0
723,Asus,Asus VivoBook 14 X415EA-EK326WS Notebook ,29990,8,512,1,i3,11,10.0,11,1,59
724,Asus,Asus VivoBook 15 X515EA-EJ328WS Laptop ,35083,8,512,1,i3,11,2.0,11,1,53
725,Dell,Dell Alienware x14 R2 Gaming Laptop ,205490,16,1024,1,i7,13,,11,1,0
726,Asus,Asus Vivobook S15 OLED 2023 S5504VA-MA554WS Laptop ,95200,16,1024,1,i5,13,2.0,11,1,0
727,Lenovo,Lenovo V15 G4 82YU00W6IN Laptop ,27990,8,512,1,,,,11,1,54
728,Lenovo,Lenovo Thinkpad E14 20TA00J2IG Laptop ,73900,16,512,1,i5,11,2.0,11,1,0
729,Dell,Dell Vostro 5630 Laptop ,94200,16,512,1,i7,13,6.0,11,1,0
730,Lenovo,Lenovo V15 G3 IAP Laptop ,33790,8,512,1,i3,12,,11,1,53
731,Lenovo,Lenovo V14 G3 IAP Laptop ,33990,8,512,1,i3,12,,11,1,54
732,Lenovo,Lenovo V15 G3 Laptop ,45990,8,512,1,i5,12,2.0,11,1,56
733,Lenovo,Lenovo V15 G3 ‎‎82C7007SGE Laptop ,29990,8,512,1,,,1.0,11,1,59
734,Lenovo,Lenovo V14 G3 IAP Laptop ,44356,8,512,1,i5,12,5.0,11,1,57
735,Lenovo,Lenovo IdeaPad 3 15ITL6 82H803HLIN Laptop ,29990,8,256,1,i3,11,9.0,11,1,56
736,Lenovo,Lenovo IdeaPad Slim 3 82H803B6IN Laptop ,52101,16,512,1,i7,11,,11,1,0
737,HP,HP Victus 16-d0302TX Gaming Laptop ,58499,8,512,1,i5,11,,11,1,0
738,Lenovo,Lenovo IdeaPad 5 15ITL05 82FG01UUIN Laptop ,74889,16,512,1,i7,11,,11,1,0
739,Dell,Dell 2023 ‎G16-7630 Gaming Laptop ,164990,32,1024,1,i7,13,1.0,11,1,0
740,Dell,Dell Inspiron 3530 Laptop ,61990,8,512,1,i5,13,3.0,11,1,56
741,HP,HP 15s-ey1509AU Laptop ,27490,8,512,1,,,7.0,11,1,49
742,Dell,Dell ‎G16-7630 2023 Gaming Laptop ,156990,16,1024,1,i7,13,,11,1,0
743,Dell,Dell Inspiron 7430 IC7430FD64T001ORS1 Laptop ,99490,16,512,1,i7,13,,11,1,59
744,HP,HP 14s-dr3003TU 832T7PA Laptop ,27990,8,512,1,,,6.0,11,1,50
745,Dell,Dell Inspiron 7430 IC7430VVR8C001ORS1 Laptop ,82020,16,512,1,i5,13,2.0,11,1,58
746,HP,HP Omen 17-cm2003TX Gaming Laptop ,183220,16,1024,1,i7,13,9.0,11,1,0
747,Apple,Apple MacBook Air 15 2023 Laptop ,134990,8,512,1,,,6.0,11,1,56
748,Dell,Dell Inspiron 15 3530 Laptop ,42990,8,512,1,i3,13,2.0,11,1,57
749,Acer,Acer Aspire 3 A315-59 NX.K6TSI.00C Laptop ,31890,8,512,1,i3,12,3.0,11,1,57
750,Lenovo,Lenovo Legion 5 Pro 2023 Gaming Laptop ,172990,32,1024,1,i7,13,,11,1,0
751,Dell,Dell Inspiron 5430 IN54308TR2G001ORS1 Laptop ,69990,16,512,1,i5,13,2.0,11,1,52
752,Dell,Dell Inspiron 3520 D560872WIN9S Laptop ,55000,16,512,1,i5,12,7.0,11,1,0
753,Infinix,Infinix INBook X2 Slim Series Laptop ,25990,8,512,1,i3,11,5.0,11,1,57
754,Infinix,Infinix INBook X2 Slim Series XL23 Laptop ,32990,16,512,1,i5,11,7.0,11,1,58
755,Infinix,Infinix INBook X2 Slim Series XL23 Laptop ,48990,16,512,1,i7,11,,11,1,0
756,Asus,Asus Vivobook Go 15 E510MA-EJ011WS Laptop ,24990,8,256,1,,,3.0,11,1,45
757,Dell,Dell Inspiron 5430 IN5430YXVW9M01ORS1 Laptop ,61990,8,512,1,i5,13,,11,1,56
758,HP,HP ProBook 445 G8 7K2J8PA Business Laptop ,45899,8,512,1,,,1.0,11,1,0
759,Acer,Acer One 14 Z8-415 Laptop ,28990,8,512,1,i3,11,5.0,11,1,59
761,HP,HP Victus 15-fb0131AX Gaming Laptop ,44990,8,512,1,,,12.0,11,1,0
762,MSI,MSI Stealth 16 Mercedes AMG Motorsport A13V Gaming Laptop ,292990,32,1024,1,i9,13,,11,1,0
763,Asus,Asus Vivobook 15 X1502ZA-EJ542WS Laptop ,52990,16,512,1,i5,12,8.0,11,1,0
764,HP,HP Victus 15-fb0133AX Gaming Laptop ,62780,16,512,1,,,,11,1,0
765,Lenovo,Lenovo V14 G3 82TSA01KIH Laptop ,30860,8,512,1,i3,12,3.0,11,1,50
766,Acer,Acer Aspire 7 A715-76G NH.QMESI.002 Gaming Laptop ,47990,8,512,1,i5,12,4.0,11,1,0
767,HP,HP 14-ep0068TU Laptop ,37990,8,512,1,,,3.0,11,1,47
768,MSI,MSI Katana 15 B12UDXK-1017IN Gaming Laptop ,82990,8,512,1,i7,12,2.0,11,1,0
769,HP,HP 15s-fq3071TU Laptop ,27990,8,512,1,,,3.0,11,1,50
770,Asus,Asus Vivobook 15 M1502QA-EJ742WS Laptop ,49990,16,512,1,,,4.0,11,1,58
771,HP,HP Victus 15-fb0136AX Gaming Laptop ,64990,16,512,1,,,1.0,11,1,0
772,Acer,Acer One 14 Business Z2-493 Laptop ,26990,8,512,1,,,1.0,11,1,53
773,HP,HP Victus 15-fb0135AX Gaming Laptop ,54990,8,512,1,,,10.0,11,1,0
774,Asus,Asus Zenbook 14X OLED 2023 UM5401QA-KM751WS Laptop ,70990,16,1024,1,,,3.0,11,1,0
775,Asus,Asus VivoBook 14 X415EA-EK344WS Notebook ,33990,16,512,1,i3,11,7.0,11,1,0
776,Acer,Acer Swift Edge 16 2023 Laptop ,107399,16,1024,1,,,,11,1,58
777,Dell,Dell G15-5530 Gaming 2023 Laptop ,147990,16,512,1,i7,13,4.0,11,1,0
778,Acer,Acer Aspire 5 A515-58P NX.KHJSI.001 Gaming Laptop ,37990,8,512,1,i3,13,5.0,11,1,51
779,HP,HP Pavilion 15-eg3027TU Laptop ,74600,16,512,1,i5,13,2.0,11,1,0
780,Dell,Dell G15-5530 Gaming Laptop ,121990,16,512,1,i7,13,2.0,11,1,0
781,Dell,Dell G15-5530 GN553064GRM002ORB1 Gaming Laptop ,75490,8,512,1,i5,13,3.0,11,1,0
782,Dell,Dell ‎G16-7630 Gaming Laptop ,187990,16,1024,1,i9,13,1.0,11,1,0
783,Dell,Dell G15-5530 2023 Gaming Laptop ,130051,16,512,1,i7,13,2.0,11,1,0
784,Acer,Acer Aspire 5 A515-58M NX.KHFSI.001 Gaming Laptop ,55400,8,512,1,i5,13,,11,1,50
785,Acer,Acer Aspire 5 A515-58M NX.KHGSI.002 Gaming Laptop ,52490,16,512,1,i5,13,9.0,11,1,52
786,Acer,Acer Aspire Vero AV14-52P NX.KJTSI.002 Laptop ,49990,16,512,1,i3,13,1.0,11,1,50
787,Xiaomi,Xiaomi Redmi Book 14 2023 Laptop ,43990,16,512,1,i5,12,,11,1,59
788,Asus,Asus Vivobook 15X 2023 K3504VAB-NJ321WS Laptop ,38990,8,512,1,i3,13,8.0,11,1,54
789,HP,HP Pavilion x360 14-ek1020TU Laptop ,89990,16,512,1,i7,13,2.0,11,1,0
790,Asus,Asus TUF A15 FA577RM-HQ032WS Laptop ,104739,16,1024,1,,,,11,1,0
791,Asus,Asus TUF Gaming A15 2023 FA577XU-LP041WS Gaming Laptop ,119990,16,1024,1,,,7.0,11,1,0
792,Asus,Asus ROG Zephyrus G14 2023 GA402XV-N2034WS Gaming Laptop ,199990,32,1024,1,,,6.0,11,1,0
793,Huawei,Huawei MateBook E 2023 Laptop ,88999,16,512,1,i5,12,,11,1,57
794,Lenovo,Lenovo IdeaPad Slim 5 82FG01B3IN Laptop ,52900,16,512,1,i5,11,1.0,11,1,0
795,Acer,Acer Aspire 5 14 A514-56GM 2023 Gaming Laptop ,56990,16,512,1,i5,13,2.0,11,1,0
796,MSI,MSI Bravo 15 B5ED-034IN Gaming Laptop ,59990,8,512,1,,,,11,1,0
797,Asus,Asus TUF Gaming F15 2023 FX507VU-LP091WS Gaming Laptop ,133890,16,1024,1,i7,13,1.0,11,1,0
798,Asus,Asus ROG Zephyrus G14 2023 GA402XZ-N2020WS Gaming Laptop ,259990,32,1024,1,,,1.0,11,1,0
799,Asus,Asus ROG Strix G16 2023 G614JV-N4141WS Gaming Laptop ,179990,16,1024,1,i9,13,,11,1,0
800,Asus,Asus TUF Gaming A17 FA777XU-HX026WS Gaming Laptop ,145924,16,1024,1,,,7.0,11,1,0
801,Asus,Asus ROG Strix G16 2023 G614JU-N3221WS Gaming Laptop ,144406,16,1024,1,i5,13,1.0,11,1,0
802,ASUS,ASUS TUF Gaming A16 Advantage Edition FA617XS-N3025WS Gaming Laptop ,119990,16,1024,1,,,8.0,11,1,0
803,Asus,Asus ROG Zephyrus G14 2023 GA402NU-N2023WS Gaming Laptop ,149990,16,1024,1,,,11.0,11,1,0
804,Asus,Asus TUF Gaming A15 FA577NU-LP082W Gaming Laptop ,94990,16,512,1,,,3.0,11,1,0
805,Asus,Asus TUF Gaming F15 2023 FX507VV-LP071WS Gaming Laptop ,154990,16,1024,1,i9,13,4.0,11,1,0
806,Lenovo,Lenovo IdeaPad 3 15IAU7 82RK00LWIN Laptop ,48990,8,512,1,i5,12,2.0,11,1,58
807,Asus,Asus ROG Flow Z13 2023 GZ301VV-MU014WS Gaming Laptop ,208999,16,1024,1,i9,13,1.0,11,1,0
808,Asus,Asus Vivobook 15X OLED M3504YA-LK541WS Laptop ,60379,16,512,1,,,2.0,11,1,0
809,Asus,Asus ROG Strix G16 2023 G614JI-N4151WS Gaming Laptop ,199990,16,1024,1,i9,13,1.0,11,1,0
810,Dell,Dell Inspiron 5520 Gaming Laptop ,67999,8,512,1,i5,12,1.0,11,1,0
811,Asus,Asus Vivobook 16X 2023 K3605ZC-MB541WS Laptop ,77990,16,512,1,i5,12,2.0,11,1,0
812,Acer,Acer Predator Helios 16 PH16-71 Gaming Laptop ,178499,16,512,1,i7,13,21.0,11,1,0
813,Asus,Asus Vivobook Pro 15 OLED K6502VU-MA541WS Laptop ,107990,16,512,1,i5,13,8.0,11,1,0
814,Dell,Dell Alienware m16 Gaming Laptop ,220990,16,1024,1,i7,13,6.0,11,1,0
815,Dell,Dell Alienware x14 R2 2023 Gaming Laptop ,225490,32,1024,1,i7,13,,11,1,0
816,Asus,Asus Vivobook 16X 2023 K3605ZF-MB521WS Laptop ,58990,8,512,1,i5,12,8.0,11,1,0
817,Huawei,Huawei MateBook X Pro 2023 Laptop ,184990,16,1024,1,i7,13,,11,1,0
818,HP,HP 15-hr0001TU Laptop ,62779,16,512,1,i5,13,3.0,11,1,59
819,HP,HP 15-hr0000TU Laptop ,67400,8,512,1,i5,13,5.0,11,1,57
820,HP,HP 15s-fr5009TU Laptop ,36990,8,512,1,i3,12,9.0,11,1,59
821,HP,HP 15s-fr4001TU Laptop ,51999,16,512,1,i5,11,1.0,11,1,0
822,MSI,MSI Katana 15 B12UDXK-1006IN Gaming Laptop ,69990,8,512,1,i5,12,3.0,11,1,0
823,MSI,MSI Thin GF63 12UCX-269IN Gaming Laptop ,61990,16,1024,1,i5,12,4.0,11,1,0
824,MSI,MSI Katana 15 B12UDXK-1005IN Gaming Laptop ,67990,16,512,1,i5,12,8.0,11,1,0
825,HP,HP 15-fd0013TU Laptop ,62990,16,512,1,i5,13,,11,1,57
826,Acer,Acer Swift Go 14 SFG14-41 NX.KG3SI.003 Laptop ,58990,16,512,1,,,,11,1,0
827,MSI,MSI GF63 Thin 11UC-1294IN Gaming Laptop ,66780,16,1024,1,i7,11,2.0,11,1,0
828,Asus,Asus Vivobook S15 OLED 2023 S5504VA-MA741WS Laptop ,102990,16,512,1,i7,13,1.0,11,1,0
829,HP,HP 15s-eq1580AU Laptop ,30990,8,512,1,,,7.0,11,1,58
830,MSI,MSI Thin GF63 12VE-267IN Gaming Laptop ,69990,16,1024,1,i5,12,10.0,11,1,0
831,HP,HP 15-fd0021TU Laptop ,57990,8,512,1,i5,13,2.0,11,1,57
832,Asus,Asus Vivobook 16X 2023 K3605VC-MB951WS Laptop ,114873,16,1024,1,i9,13,1.0,11,1,0
833,Dell,Dell G15-5525 D560896WIN9S Gaming Laptop ,113499,16,1024,1,,,3.0,11,1,0
834,Asus,Asus Vivobook 14X 2023 K3405VF-LY541WS Laptop ,72990,16,512,1,i5,13,7.0,11,1,0
835,MSI,MSI Stealth 16 Studio A13VG-030IN Gaming Laptop ,234990,32,1024,1,i7,13,,11,1,0
836,Acer,Acer Predator Helios Neo 16 PHN16-71 2023 Gaming Laptop ,144990,16,1024,1,i7,13,4.0,11,1,0
837,Asus,Asus Vivobook 14X OLED 2023 K3405VCB-KM542WS Laptop ,92177,16,512,1,i5,13,3.0,11,1,0
838,Asus,Asus Vivobook Pro 15 OLED K6502VU-MA951WS Laptop ,154937,16,1024,1,i9,13,,11,1,0
839,Asus,Asus Vivobook 16X 2023 K3605VC-MB542WS Laptop ,75990,16,512,1,i5,13,5.0,11,1,0
840,MSI,MSI GF63 Thin 11SC-1298IN Gaming Laptop ,57990,16,1024,1,i7,11,5.0,11,1,0
841,Asus,Asus Zenbook Pro 14 Duo OLED 2023 UX8402VU-MZ551WS Laptop ,208219,16,1024,1,i5,13,4.0,11,1,0
842,HP,HP 15-fd0024TU Laptop ,79800,16,512,1,i7,13,4.0,11,1,0
843,HP,HP ProBook 440 G9 6J8T1PA Laptop ,117999,16,512,1,i7,12,1.0,11,1,0
844,Asus,Asus TUF Gaming F17 FX706HF-HX018W Laptop ,55689,8,512,1,i5,11,,11,1,0
845,Dell,Dell Alienware X16 R1 Gaming Laptop ,388490,32,1024,1,i9,13,2.0,11,1,0
846,Asus,Asus VivoBook 15 X515EA-EJ342WS Laptop ,33990,16,512,1,i3,11,6.0,11,1,56
847,HP,HP 15s-fy5002TU Laptop ,51490,8,512,1,i5,12,4.0,11,1,57
848,Dell,Dell Alienware M18 R1 Gaming Laptop ,364990,32,1024,1,i9,13,1.0,11,1,0
849,Lenovo,Lenovo IdeaPad Gaming 3 15ACH6 82K2022XIN Laptop ,64990,8,512,1,,,2.0,11,1,0
850,Acer,Acer One 14 Z8-415 Laptop ,34990,8,512,1,i5,11,5.0,11,1,58
851,HP,HP 15s-fy5003TU Laptop ,37990,8,512,1,i3,12,4.0,11,1,54
852,Acer,Acer One 11 Z8-284 UN.013SI.014 Laptop ,36800,8,256,1,,,2.0,11,1,47
853,Acer,Acer Predator Helios Neo 16 PHN16-71 Laptop ,109990,16,512,1,i7,13,4.0,11,1,0
854,Acer,Acer Predator Helios Neo 16 NH.QLTSI.002 Laptop ,114990,16,512,1,i7,13,2.0,11,1,0
855,HP,HP 15-fc0030AU Laptop ,46490,16,512,1,,,2.0,11,1,54
856,HP,HP Victus 15-fb0122AX Gaming Laptop ,47999,8,512,1,,,5.0,11,1,0
857,HP,HP 15-eg3036TU Laptop ,89490,16,1024,1,i7,13,1.0,11,1,0
858,HP,HP 15-fd0006TU Laptop ,44990,8,512,1,i3,13,5.0,11,1,51
859,HP,HP 15-fd0011TU Laptop ,56999,8,512,1,i5,13,5.0,11,1,54
860,HP,HP 15-fd0018TU Laptop ,44790,8,512,1,i3,13,5.0,11,1,51
861,HP,HP ProBook 440 G8 5D6U3PA Notebook PC ,73500,8,512,1,i5,11,2.0,11,1,0
862,Asus,Asus Vivobook Pro 16 OLED 2023 K6602VU-LZ952WS Laptop ,149990,16,1024,1,i9,13,1.0,11,1,0
863,HP,HP 15-fd0012TU Laptop ,63290,8,1024,1,i5,13,4.0,11,1,56
864,Acer,Acer Predator Helios Neo 16 PHN16-71 Gaming Laptop ,114990,16,1024,1,i7,13,2.0,11,1,0
865,Realme,Realme Book Prime CloudPro002 Laptop ,47999,8,512,1,i5,11,1.0,11,1,0
866,MSI,MSI Thin GF63 12VF-268IN Laptop ,74990,16,1024,1,i5,12,15.0,11,1,0
867,Dell,Dell Vostro 15 3510 2023 Laptop ,47990,8,512,1,i5,11,,11,1,0
868,HP,HP 250 G8 7M6L7PA Laptop ,34980,8,1024,1,i3,11,2.0,11,1,58
869,Asus,Asus Vivobook Go 15 OLED 2023 E1504FA-LK545WS Laptop ,56622,16,512,1,,,6.0,11,1,0
870,Dell,Dell Vostro 3420 Laptop ,49990,16,512,1,i5,11,1.0,11,1,0
871,Asus,Asus Vivobook Pro 16 OLED 2023 K6602VU-LZ542WS Laptop ,110000,16,512,1,i5,13,6.0,11,1,0
872,MSI,MSI Stealth 14 Studio A13VE-038IN Gaming Laptop ,174990,16,1024,1,i7,13,,11,1,0
873,Asus,Asus VivoBook 14 X1400EA-EK322WS Notebook ,29990,8,512,1,i3,11,8.0,11,1,59
874,MSI,MSI Cyborg 15 A12UCX-264IN Gaming Laptop ,59990,16,512,1,i5,12,6.0,11,1,0
875,Acer,Acer Aspire 5 A515-56G Laptop ,42990,8,512,1,i5,11,5.0,11,1,0
876,Asus,Asus Vivobook 15 2023 X1504VA-NJ321WS Laptop ,42990,8,512,1,i3,13,1.0,11,1,56
877,Dell,Dell Vostro 3425 Laptop ,38619,8,512,1,,,,11,1,59
878,MSI,MSI Summit E13 Flip Evo A11MT-213IN Laptop ,79990,16,512,1,i7,11,8.0,11,1,0
879,Asus,Asus Vivobook 16 2023 X1605VAB-MB544WS Laptop ,60990,16,512,1,i5,13,1.0,11,1,59
880,HP,HP 15-fc0026AU Laptop ,33490,8,512,1,,,6.0,11,1,54
881,Lenovo,Lenovo Thinkpad P15 20YRS3A300 Laptop ,188999,32,512,1,i7,11,,11,1,0
882,MSI,MSI Summit E13 Flip Evo A11MT-214IN Laptop ,64990,16,512,1,i5,11,6.0,11,1,0
883,HP,HP Pavilion 15-eg2017TU Laptop ,49590,8,512,1,i3,12,,11,1,0
884,Asus,Asus Zenbook 14 Flip OLED 2023 UP3404VA-KN742WS Laptop ,124990,16,512,1,i7,13,5.0,11,1,0
885,Asus,Asus Vivobook 14X OLED 2023 K3405VFB-KM541WS Laptop ,78990,16,512,1,i5,13,6.0,11,1,0
886,Asus,Asus Zenbook 14 OLED 2023 UX3402VA-KN741WS Laptop ,98990,16,512,1,i7,13,13.0,11,1,0
887,HP,HP Victus 15-fa1066TX Gaming Laptop ,99990,16,512,1,i7,13,9.0,11,1,0
888,Asus,Asus Zenbook 14 OLED 2023 UX3402VA-KN541WS Laptop ,92250,16,512,1,i5,13,3.0,11,1,0
889,HP,HP Victus 16-d0333TX Gaming Laptop ,64500,16,512,1,i5,11,2.0,11,1,0
890,Asus,Asus Vivobook Flip 14 2023 TP3402VAB-LZ542WS Laptop ,71928,16,512,1,i5,13,5.0,11,1,0
891,HP,HP 15s-fq2738TU Laptop ,36490,8,512,1,i3,11,1.0,11,1,56
892,HP,HP Victus 15-fb0121AX Gaming Laptop ,51990,8,512,1,,,3.0,11,1,0
893,HP,HP Omen 16-n0123AX Gaming Laptop ,116990,16,1024,1,,,1.0,11,1,0
894,Asus,Asus Vivobook 15 X1502ZA-EJ953WS Laptop ,36990,8,512,1,i3,12,4.0,11,1,52
895,MSI,MSI Thin GF63 12UCX-265IN Gaming Laptop ,59990,16,512,1,i5,12,4.0,11,1,0
896,Acer,Acer Nitro 5 AN515-47 Gaming Laptop ,69990,16,512,1,,,10.0,11,1,0
897,Asus,Asus Vivobook Go 14 E1404GA-NK322WS Laptop ,34990,8,512,1,,,6.0,11,1,48
898,Acer,Acer Nitro 5 AN515-47 2023 Gaming Laptop ,68990,16,512,1,,,,11,1,0
899,MSI,MSI Stealth 16 Studio A13VF-023IN Gaming Laptop ,209990,32,1024,1,i7,13,4.0,11,1,0
900,Asus,Asus Vivobook 15 2023 X1504VA-NJ523WS Laptop ,49990,8,512,1,i5,13,10.0,11,1,59
901,Acer,Acer Predator Helios 16 PH16-71 Laptop ,184999,32,1024,1,i7,13,5.0,11,1,0
902,MSI,MSI GF63 Thin 11UC-1295IN Gaming Laptop ,58990,16,1024,1,i5,11,4.0,11,1,0
903,Lenovo,Lenovo Thinkpad P15v 21D8S05G00 Laptop ,148111,32,1024,1,i7,12,3.0,11,1,0
904,Lenovo,Lenovo ThinkPad P14s 21AKS02800 Laptop ,123271,16,512,1,i7,12,2.0,11,1,0
905,Asus,Asus Vivobook 15X OLED 2023 K3504VA-LK552WS Laptop ,69990,16,1024,1,i5,13,4.0,11,1,0
906,MSI,MSI GF63 Thin 11SC-1299IN Gaming Laptop ,50790,8,1024,1,i5,11,4.0,11,1,0
907,Asus,Asus Vivobook S14 Flip 2022 TN3402QA-LZ741WS Laptop ,64990,16,512,1,,,5.0,11,1,0
908,MSI,MSI GF63 Thin 11UC-1297IN Gaming Laptop ,52990,8,1024,1,i5,11,10.0,11,1,0
909,Asus,Asus Vivobook 15X 2023 K3504VAB-NJ541WS Laptop ,54990,16,512,1,i5,13,8.0,11,1,56
910,HP,HP Spectre x360 2023 13.5-ef2034TU Laptop ,148999,32,1024,1,i7,13,1.0,11,1,0
911,Asus,Asus VivoBook 14 2023 X1404VA-NK541WS Laptop ,59990,16,512,1,i5,13,4.0,11,1,58
912,Asus,Asus VivoBook 14 2023 X1404VA-NK321WS Laptop ,39990,8,512,1,i3,13,6.0,11,1,57
913,Asus,Asus Vivobook 15X OLED 2023 K3504VA-LK542WS Laptop ,65990,16,512,1,i5,13,2.0,11,1,0
914,Asus,Asus Vivobook 15 2023 X1502VA-NJ541WS Laptop ,71359,16,512,1,i5,13,12.0,11,1,0
915,Asus,Asus Vivobook 15 OLED 2023 X1505VA-LK542WS Laptop ,68990,16,512,1,i5,13,,11,1,0
916,Asus,Asus Vivobook Go 15 OLED 2023 E1504GA-LK322WS Laptop ,43580,8,512,1,,,1.0,11,1,53
917,Asus,Asus Zenbook 14 Flip OLED 2023 UP3404VA-KN542WS Laptop ,99990,16,512,1,i5,13,5.0,11,1,0
918,Asus,Asus Vivobook Go 15 2023 E1504GA-NJ322WS Laptop ,36815,8,512,1,,,5.0,11,1,51
919,Asus,Asus Zenbook 14 Flip OLED 2023 UP3404VA-KN753WS Laptop ,114990,16,1024,1,i7,13,11.0,11,1,0
920,Dell,Dell Inspiron 3525 D560771WIN9S Laptop ,44990,8,512,1,,,,11,1,0
921,Asus,Asus VivoBook 14 2023 X1404VA-NK522WS Laptop ,55990,8,512,1,i5,13,4.0,11,1,56
922,Asus,Asus Zenbook 14 OLED 2023 UX3402VA-KM541WS Laptop ,89990,16,512,1,i5,13,1.0,11,1,0
923,MSI,MSI Pulse 15 B13VFK-293IN Gaming Laptop ,126990,16,1024,1,i7,13,4.0,11,1,0
924,Asus,Asus Zenbook S13 OLED 2023 UX5304VA-NQ542WS Laptop ,95800,16,512,1,i5,13,9.0,11,1,0
925,Asus,Asus Vivobook 15 2023 X1504VA-NJ324WS Laptop ,42990,8,512,1,i3,13,1.0,11,1,59
926,Asus,Asus Vivobook 16 2023 X1605VAB-MB322WS Laptop ,47990,8,512,1,i3,13,8.0,11,1,50
927,Asus,Asus Zenbook 14 OLED 2023 UX3402VA-KM742WS Laptop ,97990,16,512,1,i7,13,10.0,11,1,0
928,Asus,Asus Vivobook S15 OLED 2023 S5504VA-MA543WS Laptop ,83690,16,512,1,i5,13,2.0,11,1,0
929,Asus,Asus Vivobook S14 Flip 2022 TN3402QA-LZ520WS Laptop ,58990,8,512,1,,,,11,1,0
930,Lenovo,Lenovo V15 82QYA00MIN Laptop ,22990,8,256,1,,,1.0,11,1,47
931,Gigabyte,Gigabyte Aorus 17 BSF Gaming Laptop ,169990,16,1024,1,i7,13,,11,1,0
932,HP,HP 255 G9 7B1L8PA Laptop ,44500,8,512,1,,,17.0,11,1,0
933,HP,HP Spectre x360 16-f2002TU Laptop ,145899,16,1024,1,i7,13,,11,1,0
934,HP,HP Spectre x360 2023 13.5-ef2033TU Laptop ,138490,16,1024,1,i7,13,2.0,11,1,0
935,Dell,Dell Vostro 3420 D552317WIN9B Laptop ,49000,8,512,1,i5,12,9.0,11,1,59
936,HP,HP Spectre x360 16-f2005TX Laptop ,184500,32,1024,1,i7,13,4.0,11,1,0
937,Huawei,Huawei MateBook D16 2023 Laptop ,84999,8,512,1,i5,13,,11,1,0
938,Huawei,Huawei MateBook D14 2023 Laptop ,58999,16,512,1,i5,13,,11,1,0
939,MSI,MSI Titan GT77 HX 13VH-093IN Gaming Laptop ,388990,64,2048,1,i9,13,,11,1,0
940,‎Lenovo,‎Lenovo V15 G2 IJL 82QYA00HIN Laptop ,21480,8,256,1,,,3.0,11,1,43
941,Acer,Acer Aspire 7 A715-75G Gaming Laptop ,45990,8,512,1,i5,10,3.0,11,1,59
942,Acer,Acer Aspire 3 15 A315-510P Laptop ,32990,8,512,1,,,2.0,11,1,50
943,MSI,MSI Modern 15 B7M-073IN Laptop ,54990,16,1024,1,,,4.0,11,1,57
944,Acer,Acer Predator Helios 16 Laptop ,249990,32,1024,1,i9,13,4.0,11,1,0
945,Lenovo,Lenovo V14 82KAA04QIH Laptop ,42490,8,512,1,i5,11,1.0,11,1,58
946,Lenovo,Lenovo V15 G2 82KDA022IH Laptop ,35380,8,512,1,,,1.0,11,1,56
947,Lenovo,Lenovo V14-IGL‎ 82C40185PB Laptop ,21990,4,256,1,,,,11,1,45
948,Honor,Honor MagicBook X14 2023 ‎FRI-F56 Laptop ,53990,16,512,1,i5,12,2.0,11,1,0
949,Lenovo,Lenovo ThinkBook 15 G3 21A4A08WIH Laptop ,33490,8,512,1,,,4.0,11,1,56
950,Lenovo,Lenovo E41-55 Laptop ,21990,8,256,1,,,1.0,11,1,53
951,Asus,Asus Vivobook Pro 15 OLED M3500QC-L1712WS Laptop ,75990,16,1024,1,,,4.0,11,1,0
952,Fujitsu,Fujitsu FMV MH 4ZR1K10326 Laptop ,54994,16,512,1,,,8.0,11,1,0
953,Acer,Acer Nitro 5 AN515-58 2023 Gaming Laptop ,98999,16,1024,1,i7,12,,11,1,0
954,HP,HP 15-fc0028AU Laptop ,41490,8,512,1,,,3.0,11,1,52
955,HP,HP 15s-eq2223AU Laptop ,38990,8,512,1,,,6.0,11,1,58
956,HP,HP 15-fc0025AU Laptop ,33980,8,512,1,,,1.0,11,1,54
957,MSI,MSI Modern 15 B7M-072IN Laptop ,36990,8,512,1,,,15.0,11,1,53
958,Asus,Asus Vivobook S14 S3402ZA-LY522WS Laptop ,58990,8,512,1,i5,12,2.0,11,1,0
959,Lenovo,Lenovo V15 G3 82TTA00VIH Laptop ,31980,8,512,1,i3,12,4.0,11,1,53
960,Asus,Asus Vivobook S14 S3402ZA-LY542WS Laptop ,59990,16,512,1,i5,12,7.0,11,1,0
961,Dell,Dell XPS 9315 D560076WIN9S Laptop ,119600,16,512,1,i5,12,4.0,11,1,0
962,Acer,Acer Aspire 3 A315-24P Laptop ,27990,8,256,1,,,,11,1,52
963,Acer,Acer Extensa 15 EX215-23 2023 Laptop ,31500,8,256,1,,,21.0,11,1,52
964,Lenovo,Lenovo IdeaPad 3 15ITL6 82H803DNIN Laptop ,33990,8,512,1,i3,11,9.0,11,1,0
965,HP,HP Victus 15-fb0108AX Gaming Laptop ,50990,8,512,1,,,,11,1,0
966,Lenovo,Lenovo Thinkpad E15 21E6S05A00 Laptop ,45990,8,512,1,i3,12,,11,1,0
967,Lenovo,Lenovo Thinkbook 15 21DJA049IH Laptop ,44990,8,512,1,i5,12,9.0,11,1,0
968,MSI,MSI Modern 15 B7M-071IN Laptop ,40990,16,512,1,,,13.0,11,1,54
969,Asus,Asus ROG Zephyrus Duo 16 ,379990,32,2048,0,,,8.0,11,1,0
970,Dell,Dell Vostro 5620 M552319WIN9S Laptop ,87490,16,512,1,i7,12,1.0,11,1,0
971,Dell,Dell Vostro 3425 M552321WIN9S Laptop ,50990,16,512,1,,,,11,1,0
972,Lenovo,Lenovo E41-55 82FJ00A0IH Laptop ,33990,8,1024,0,,,4.0,11,1,52
973,Asus,Asus Vivobook Go 15 OLED 2023 E1504FA-LK541WS Laptop ,56775,16,512,1,,,12.0,11,1,59
974,Lenovo,Lenovo S14 Gen 3 ‎82C3001WGE Laptop ,45990,8,512,1,i5,12,1.0,11,1,53
975,Lenovo,Lenovo Thinkpad P16s 21BTS03200 Laptop ,154428,32,1024,1,i7,12,4.0,11,1,0
976,HP,HP Chromebook 15a-na0012TU Laptop ,18990,4,128,0,,,15.0,11,1,0
977,HP,HP Chromebook x360 13b-ca0006MU Laptop ,32990,8,256,1,,,17.0,11,1,43
978,HP,HP 255 G8 689T4PA Laptop ,26999,8,512,1,,,12.0,11,1,59
979,Lenovo,Lenovo V14 82KAA08BIH Laptop ,32990,8,512,1,i3,11,3.0,11,1,50
980,Asus,Asus ROG Zephyrus Duo 16 ,349990,32,2048,0,,,3.0,11,1,0
981,Asus,Asus ROG Zephyrus M16 2023 GU604VY-NM058WS Laptop ,382111,32,2048,1,i9,13,5.0,11,1,0
982,Asus,Asus ROG Strix Scar 17 2023 G733PZ-LL046WS Gaming Laptop ,281980,16,1024,1,,,2.0,11,1,0
983,Asus,Asus Vivobook Go 14 2023 E1404FA-NK522WS Laptop ,38990,8,512,1,,,5.0,11,1,58
984,Lenovo,Lenovo V15 G3 82TTA01EIN Laptop ,30960,8,512,1,i3,12,5.0,11,1,48
985,Asus,Asus Vivobook Go 14 2023 E1404FA-NK542WS Laptop ,51980,16,512,1,,,12.0,11,1,59
986,MSI,MSI Modern 14 C12M-440IN Laptop ,41990,8,512,1,i5,12,1.0,11,1,58
987,Acer,Acer Nitro 5 AN515-58 UN.QFHSI.002 Gaming Laptop ,74000,16,512,1,i5,12,1.0,11,1,0
988,MSI,MSI Summit E16 Flip A13VET-068IN Laptop ,159990,32,1024,1,i7,13,3.0,11,1,0
989,MSI,MSI Sword 15 A12UDX-468IN Gaming Laptop ,78990,16,1024,1,i5,12,2.0,11,1,0
990,MSI,MSI Summit E13 Flip Evo A13MT-226IN Laptop ,119990,16,1024,1,i7,13,6.0,11,1,0
991,MSI,MSI Modern 15 B13M-290IN  Laptop ,64990,8,512,1,i7,13,3.0,11,1,0
992,MSI,MSI Modern 14 C12M-439IN Laptop ,45990,16,512,1,i5,12,1.0,11,1,59
993,MSI,MSI Prestige 13 Evo A13M-063IN Laptop,85551,16,1024,1,i7,13,4.0,11,1,0
994,MSI,MSI Modern 14 C11M-030IN Laptop ,36990,8,512,1,i5,11,,11,1,58
995,MSI,MSI Modern 14 C12M-445IN Laptop ,32990,8,512,1,i3,12,7.0,11,1,59
996,Acer,Acer Extensa 15 EX215-33 2023 Laptop ,27990,8,512,1,,,6.0,11,1,49
997,Acer,Acer Aspire 3 A315-24P NX.KDESI.003 Laptop ,29499,8,512,1,,,2.0,11,1,54
998,Asus,Asus Vivobook Go 14 2023 E1404FA-NK322WS Laptop ,33690,8,512,1,,,1.0,11,1,53
999,MSI,MSI Prestige 16 Evo A13M-266IN Laptop,99990,16,1024,1,i7,13,1.0,11,1,0
1000,LG,LG Gram ‎‎16T90Q-G.AH75A2 Laptop ,118499,16,512,1,i7,12,,11,1,0
1001,Acer,Acer Nitro 5 AN515-47 NH.QL3SI.001 Gaming Laptop ,68999,8,512,1,,,5.0,11,1,0
1003,MSI,MSI Prestige 14 Evo B13M-279IN Laptop,87391,16,1024,1,i7,13,4.0,11,1,0
1004,Acer,Acer Extensa 15 EX215-33 Laptop ,26990,8,256,1,,,6.0,11,1,49
1005,Lenovo,Lenovo ThinkPad E14 21E3S00L00 Laptop ,74900,8,512,1,i5,12,1.0,11,1,55
1006,Asus,Asus Vivobook Pro 15 M6500QC-HN742WS Laptop ,68990,16,512,1,,,3.0,11,1,0
1007,MSI,MSI Modern 14 C13M-435IN Laptop ,64990,16,512,1,i7,13,4.0,11,1,0
1008,Asus,Asus ROG Strix SCAR 18 2023 G834JZ-N5041WS Gaming Laptop ,289990,32,1024,1,i9,13,5.0,11,1,0
1009,MSI,MSI Summit E14 Flip Evo A13MT-278IN Laptop ,119990,16,1024,1,i7,13,6.0,11,1,0
1010,Asus,Asus ROG Strix SCAR 16 2023 G634JZ-NM057WS Gaming Laptop ,259990,32,1024,1,i9,13,5.0,11,1,0
1011,MSI,MSI Modern 14 C13M-437IN Laptop ,51990,8,512,1,i5,13,4.0,11,1,56
1012,MSI,MSI Stealth 17 A13VH-055IN Gaming Laptop ,480103,64,2048,1,i9,13,2.0,11,1,0
1013,HP,HP Pavilion x360 14-ek1010TU Laptop ,77200,16,1024,1,i5,13,1.0,11,1,0
1014,Asus,Asus Vivobook Flip 14 2023 TN3402YAB-LZ522WS Laptop ,55767,8,512,1,,,7.0,11,1,0
1015,HP,HP ProBook 445 G8 Business Laptop ,44990,8,512,1,,,7.0,11,1,0
1016,MSI,MSI Katana 15 B13VFK-296IN Gaming Laptop ,129990,16,1024,1,i7,13,13.0,11,1,0
1017,Asus,Asus Zenbook 14 OLED 2023 UM3402YA-KM551WS Laptop ,77990,16,1024,1,,,5.0,11,1,0
1018,Acer,Acer Aspire 5 UN.K3JSI.004 Laptop ,46990,12,512,1,i5,12,,11,1,0
